Workbook

Sheet project
A1: property | B1: value | C1: notes
A2: project_name | B2: tigit-projecte-territorial | C2: Identitat estable del projecte
A3: chapter_snapshot | B3: 05 | C3: Fita de preparació de dades
A4: case_territory | B4: Tarragonès | C4: Cas de demostració; contrastar l'ortografia amb la font oficial
A5: territorial_unit | B5: municipi | C5: Una fila analítica per municipi
A6: reference_period | B6: 2021 | C6: Període representat per les dades de població i habitatge
A7: working_language | B7: ca | C7: El català és la llengua de treball
A8: spreadsheet_application | B8: LibreOffice Calc 24.2.7.2; validar també amb Excel abans de publicar | C8: Anotar Calc o Excel i la versió utilitzada
A9: regional_configuration | B9: Interfície catalana; decimal amb coma; fórmules OOXML en anglès al fitxer | C9: Anotar els separadors decimals i de fórmules
A10: author | B10: Equip docent TIGIT | C10: Completar abans de produir captures docents
A11: question | B11: Com es distribueixen la població i el parc d'habitatges entre els municipis? | C11: Pregunta descriptiva inicial

Sheet sources
A1: source_id | B1: producer | C1: title | D1: url | E1: reference_period | F1: access_date | G1: license | H1: format | I1: selection | J1: raw_file | K1: notes
A2: idescat_population_2021 | B2: Idescat | C2: Població. Per sexe i edat any a any | D2: https://api.idescat.cat/taules/v2/censph/10/5975/mun/data?lang=ca&YEAR=2021&MUN=430120,430430,430477,430509,430957,430976,431009,431037,431093,431114,431227,431264,431310,431359,431444,431482,431536,431649,431665,431711,439057,439076&SEX=TOTAL | E2: 2021 | F2: 2026-08-18 | G2: Condicions d'ús de l'API d'Idescat | H2: CSV UTF-8 derivat d'una consulta JSON-stat documentada | I2: Tarragonès; edats simples; total de tots els sexes | J2: poblacio-edat-tarragones-2021.csv | K2: La versió docent conserva també la consulta reproduïble de l'API
A3: idescat_housing_2021 | B3: Idescat | C3: Habitatges. Per tipus d'habitatge | D3: https://www.idescat.cat/pub/?id=censph&n=30&lang=ca&geo=mun&f=ssv | E3: 2021 | F3: 2026-08-18 | G3: Avís legal i condicions de reutilització d'Idescat | H3: CSV UTF-8; separador ; | I3: Tots els municipis | J3: t30mun.csv | K3: Revisar les notes de confidencialitat i arrodoniment
A4: idescat_codes | B4: Idescat | C4: Codis de municipis i comarques | D4: https://www.idescat.cat/codis/?id=50&n=9&lang=ca&f=ssv | E4: vigent en la data d'accés | F4: 2026-08-18 | G4: Avís legal i condicions de reutilització d'Idescat | H4: CSV UTF-8; separador ; | I4: Municipis i comarques | J4: mpiscatalunya.csv | K4: Els codis municipals s'han d'importar com a text
A5: idescat_surface | B5: Idescat | C5: Superfície, densitat i entitats singulars | D5: https://www.idescat.cat/pub/?id=inddt&n=396&lang=ca&geo=mun&f=ssv | E5: 2025 | F5: 2026-08-18 | G5: Avís legal i condicions de reutilització d'Idescat | H5: CSV UTF-8; separador ; | I5: Tots els municipis | J5: t396mun.csv | K5: Registrar el període o la data d'actualització de la taula

Sheet dictionary
A1: field | B1: sheet | C1: label | D1: type | E1: unit | F1: source_id | G1: missing_treatment | H1: definition | I1: question | J1: formula | K1: scale_factor | L1: intended_use | M1: limitations
A2: municipality_code | B2: municipal | C2: Codi de municipi | D2: text | F2: idescat_codes | G2: No substituir per zero | H2: Clau oficial de sis caràcters per a les unions
A3: municipality_name | B3: municipal | C3: Municipi | D3: text | F3: idescat_codes | G3: No substituir | H3: Nom oficial del municipi
A4: county_code | B4: municipal | C4: Codi de comarca | D4: text | F4: idescat_codes | G4: No substituir | H4: Clau utilitzada per filtrar el territori d'estudi
A5: county_name | B5: municipal | C5: Comarca | D5: text | F5: idescat_codes | G5: No substituir | H5: Nom oficial de la comarca
A6: population_total | B6: municipal | C6: Població total | D6: integer | E6: persones | F6: idescat_population_2021 | G6: Preservar absent | H6: Població resident durant el període de referència
A7: population_0_14 | B7: municipal | C7: Població de 0 a 14 anys | D7: integer | E7: persones | F7: idescat_population_2021 | G7: Preservar absent | H7: Població d'edats joves
A8: population_15_64 | B8: municipal | C8: Població de 15 a 64 anys | D8: integer | E8: persones | F8: idescat_population_2021 | G8: Preservar absent | H8: Interval d'edat central de la demostració
A9: population_65_plus | B9: municipal | C9: Població de 65 anys o més | D9: integer | E9: persones | F9: idescat_population_2021 | G9: Preservar absent | H9: Població d'edats avançades
A10: housing_total | B10: municipal | C10: Habitatges totals | D10: integer | E10: habitatges | F10: idescat_housing_2021 | G10: Preservar absent | H10: Parc total d'habitatges
A11: housing_main | B11: municipal | C11: Habitatges principals | D11: integer | E11: habitatges | F11: idescat_housing_2021 | G11: Preservar absent | H11: Habitatges principals
A12: housing_non_main | B12: municipal | C12: Habitatges no principals | D12: integer | E12: habitatges | F12: idescat_housing_2021 | G12: Preservar absent | H12: Habitatges d'ús ocasional i buits; no equivalen a habitatges turístics
A13: surface_km2 | B13: municipal | C13: Superfície | D13: decimal | E13: km² | F13: idescat_surface | G13: Preservar absent | H13: Superfície municipal que després actuarà com a denominador
A14: population_0_14_pct | B14: indicators_demography | C14: Pes de la població jove | D14: decimal | E14: % | F14: idescat_population_2021 | G14: NA si el total no és positiu | H14: Població de 0–14 sobre població total | I14: On pesa més la població jove? | J14: population_0_14 / population_total × 100 | K14: 100 | L14: Comparar estructura demogràfica | M14: No explica les causes de l'estructura
A15: population_65_plus_pct | B15: indicators_demography | C15: Pes de la població gran | D15: decimal | E15: % | F15: idescat_population_2021 | G15: NA si el total no és positiu | H15: Població de 65+ sobre població total | I15: On pesa més la població gran? | J15: population_65_plus / population_total × 100 | K15: 100 | L15: Comparar envelliment relatiu | M15: No mesura necessitats individuals
A16: ageing_index_per_100_young | B16: indicators_demography | C16: Índex d'envelliment | D16: decimal | E16: persones per 100 | F16: idescat_population_2021 | G16: NA si 0–14 no és positiu | H16: Relació entre població gran i jove | I16: Quina relació hi ha entre els extrems d'edat? | J16: population_65_plus / population_0_14 × 100 | K16: 100 | L16: Comparar estructura d'edats | M16: És sensible a denominadors petits
A17: population_density_hab_km2 | B17: indicators_demography | C17: Densitat de població | D17: decimal | E17: habitants/km² | F17: idescat_population_2021; idescat_surface | G17: NA si la superfície no és positiva | H17: Població per superfície municipal | I17: On es concentra la població? | J17: population_total / surface_km2 | K17: 1 | L17: Comparar concentració mitjana | M17: No descriu la distribució interna; superfície publicada el 2025
A18: housing_non_main_pct | B18: indicators_housing | C18: Pes de l'habitatge no principal | D18: decimal | E18: % | F18: idescat_housing_2021 | G18: NA si el total no és positiu | H18: Habitatge no principal sobre total | I18: On pesa més l'habitatge no principal? | J18: housing_non_main / housing_total × 100 | K18: 100 | L18: Comparar composició residencial | M18: No identifica habitatges turístics
A19: residents_per_housing_main | B19: indicators_housing | C19: Residents per habitatge principal | D19: decimal | E19: residents/habitatge | F19: idescat_population_2021; idescat_housing_2021 | G19: NA si habitatges principals no és positiu | H19: Població sobre habitatges principals | I19: Quina relació aproximada hi ha entre residents i parc principal? | J19: population_total / housing_main | K19: 1 | L19: Contextualitzar ocupació residencial | M19: No és la grandària oficial de la llar

Sheet source_codes
A1: Codi | B1: Nom | C1: Codi comarca | D1: Nom comarca
A2: 250019 | B2: Abella de la Conca | C2: 25 | D2: Pallars Jussà
A3: 080018 | B3: Abrera | C3: 11 | D3: Baix Llobregat
A4: 250024 | B4: Àger | C4: 23 | D4: Noguera
A5: 250030 | B5: Agramunt | C5: 38 | D5: Urgell
A6: 080023 | B6: Aguilar de Segarra | C6: 07 | D6: Bages
A7: 170010 | B7: Agullana | C7: 02 | D7: Alt Empordà
A8: 080142 | B8: Aiguafreda | C8: 24 | D8: Osona
A9: 430017 | B9: Aiguamúrcia | C9: 01 | D9: Alt Camp
A10: 170025 | B10: Aiguaviva | C10: 20 | D10: Gironès
A11: 250387 | B11: Aitona | C11: 33 | D11: Segrià
A12: 250045 | B12: Alamús, els | C12: 33 | D12: Segrià
... A948: 430521 | B948: Xerta | C948: 09 | D948: Baix Ebre

Sheet source_surface
A1: Codi | B1: Nom | C1: Superfície (km²) | D1: Densitat (hab./km²) | E1: Entitats singulars població (nombre)
A2: 250019 | B2: Abella de la Conca | C2: 78,27 | D2: 2,1 | E2: 5
A3: 080018 | B3: Abrera | C3: 19,94 | D3: 662,3 | E3: 2
A4: 250024 | B4: Àger | C4: 160,57 | D4: 4,0 | E4: 9
A5: 250030 | B5: Agramunt | C5: 79,65 | D5: 70,8 | E5: 6
A6: 080023 | B6: Aguilar de Segarra | C6: 43,32 | D6: 6,8 | E6: 3
A7: 170010 | B7: Agullana | C7: 27,73 | D7: 31,8 | E7: 2
A8: 080142 | B8: Aiguafreda | C8: 7,90 | D8: 325,2 | E8: 1
A9: 430017 | B9: Aiguamúrcia | C9: 72,95 | D9: 13,7 | E9: 9
A10: 170025 | B10: Aiguaviva | C10: 13,91 | D10: 57,9 | E10: 8
A11: 250387 | B11: Aitona | C11: 66,90 | D11: 38,5 | E11: 3
A12: 250045 | B12: Alamús, els | C12: 20,53 | D12: 40,8 | E12: 3
... A948: 430521 | B948: Xerta | C948: 32,39 | D948: 36,6 | E948: 1

Sheet source_population
A1: YEAR | B1: MUN | C1: AGE | D1: SEX | E1: CONCEPT | F1: value | G1: status
A2: 2021 | B2: 430120 | C2: Y000 | D2: TOTAL | E2: POP | F2: 40
A3: 2021 | B3: 430120 | C3: Y001 | D3: TOTAL | E3: POP | F3: 50
A4: 2021 | B4: 430120 | C4: Y002 | D4: TOTAL | E4: POP | F4: 44
A5: 2021 | B5: 430120 | C5: Y003 | D5: TOTAL | E5: POP | F5: 58
A6: 2021 | B6: 430120 | C6: Y004 | D6: TOTAL | E6: POP | F6: 73
A7: 2021 | B7: 430120 | C7: Y005 | D7: TOTAL | E7: POP | F7: 55
A8: 2021 | B8: 430120 | C8: Y006 | D8: TOTAL | E8: POP | F8: 68
A9: 2021 | B9: 430120 | C9: Y007 | D9: TOTAL | E9: POP | F9: 69
A10: 2021 | B10: 430120 | C10: Y008 | D10: TOTAL | E10: POP | F10: 68
A11: 2021 | B11: 430120 | C11: Y009 | D11: TOTAL | E11: POP | F11: 60
A12: 2021 | B12: 430120 | C12: Y010 | D12: TOTAL | E12: POP | F12: 81
A13: 2021 | B13: 430120 | C13: Y011 | D13: TOTAL | E13: POP | F13: 70
... A2245: 2021 | B2245: 431711 | C2245: TOTAL | D2245: TOTAL | E2245: POP | F2245: 22781

Sheet source_housing
A1: Codi | B1: Nom | C1: Habitatges familiars convencionals principals | D1: Habitatges familiars convencionals no principals | E1: Habitatges familiars convencionals | F1: Habitatges familiars no convencionals (allotjaments) | G1: Total habitatges familiars | H1: Establiments col·lectius
A2: 250019 | B2: Abella de la Conca | C2: 65 | D2: 52 | E2: 117 | F2: 0 | G2: 117 | H2: 0
A3: 080018 | B3: Abrera | C3: 4643 | D3: 623 | E3: 5266 | F3: 0 | G3: 5266 | H3: 5
A4: 250024 | B4: Àger | C4: 239 | D4: 453 | E4: 692 | F4: 0 | G4: 692 | H4: 1
A5: 250030 | B5: Agramunt | C5: 2049 | D5: 696 | E5: 2745 | F5: 0 | G5: 2745 | H5: 1
A6: 080023 | B6: Aguilar de Segarra | C6: 99 | D6: 52 | E6: 151 | F6: 0 | G6: 151 | H6: 0
A7: 170010 | B7: Agullana | C7: 350 | D7: 239 | E7: 589 | F7: 0 | G7: 589 | H7: 0
A8: 080142 | B8: Aiguafreda | C8: 1013 | D8: 285 | E8: 1298 | F8: 0 | G8: 1298 | H8: 3
A9: 430017 | B9: Aiguamúrcia | C9: 404 | D9: 472 | E9: 876 | F9: 0 | G9: 876 | H9: 0
A10: 170025 | B10: Aiguaviva | C10: 243 | D10: 55 | E10: 298 | F10: 0 | G10: 298 | H10: 0
A11: 250387 | B11: Aitona | C11: 834 | D11: 384 | E11: 1218 | F11: 0 | G11: 1218 | H11: 2
A12: 250045 | B12: Alamús, els | C12: 293 | D12: 179 | E12: 472 | F12: 0 | G12: 472 | H12: 1
... A948: 430521 | B948: Xerta | C948: 486 | D948: 369 | E948: 855 | F948: 0 | G948: 855 | H948: 0

Sheet prepared_codes
A1: raw_municipality | B1: municipality_code | C1: municipality_name | D1: county_code | E1: county_name | F1: import_notes
A2: [250019] Abella de la Conca | B2: 250019 | C2: Abella de la Conca | D2: 25 | E2: Pallars Jussà
A3: [080018] Abrera | B3: 080018 | C3: Abrera | D3: 11 | E3: Baix Llobregat
A4: [250024] Àger | B4: 250024 | C4: Àger | D4: 23 | E4: Noguera
A5: [250030] Agramunt | B5: 250030 | C5: Agramunt | D5: 38 | E5: Urgell
A6: [080023] Aguilar de Segarra | B6: 080023 | C6: Aguilar de Segarra | D6: 07 | E6: Bages
A7: [170010] Agullana | B7: 170010 | C7: Agullana | D7: 02 | E7: Alt Empordà
A8: [080142] Aiguafreda | B8: 080142 | C8: Aiguafreda | D8: 24 | E8: Osona
A9: [430017] Aiguamúrcia | B9: 430017 | C9: Aiguamúrcia | D9: 01 | E9: Alt Camp
A10: [170025] Aiguaviva | B10: 170025 | C10: Aiguaviva | D10: 20 | E10: Gironès
A11: [250387] Aitona | B11: 250387 | C11: Aitona | D11: 33 | E11: Segrià
A12: [250045] Alamús, els | B12: 250045 | C12: Alamús, els | D12: 33 | E12: Segrià
A13: [250058] Alàs i Cerc | B13: 250058 | C13: Alàs i Cerc | D13: 04 | E13: Alt Urgell
... A948: [430521] Xerta | B948: 430521 | C948: Xerta | D948: 09 | E948: Baix Ebre

Sheet prepared_surface
A1: raw_municipality | B1: municipality_code | C1: municipality_name | D1: surface_km2 | E1: value_status | F1: import_notes
A2: [250019] Abella de la Conca | B2: 250019 | C2: Abella de la Conca | D2: 78.27 | F2: Publicació municipal 2025; la superfície s'utilitza com a magnitud territorial
A3: [080018] Abrera | B3: 080018 | C3: Abrera | D3: 19.94 | F3: Publicació municipal 2025; la superfície s'utilitza com a magnitud territorial
A4: [250024] Àger | B4: 250024 | C4: Àger | D4: 160.57 | F4: Publicació municipal 2025; la superfície s'utilitza com a magnitud territorial
A5: [250030] Agramunt | B5: 250030 | C5: Agramunt | D5: 79.65 | F5: Publicació municipal 2025; la superfície s'utilitza com a magnitud territorial
A6: [080023] Aguilar de Segarra | B6: 080023 | C6: Aguilar de Segarra | D6: 43.32 | F6: Publicació municipal 2025; la superfície s'utilitza com a magnitud territorial
A7: [170010] Agullana | B7: 170010 | C7: Agullana | D7: 27.73 | F7: Publicació municipal 2025; la superfície s'utilitza com a magnitud territorial
A8: [080142] Aiguafreda | B8: 080142 | C8: Aiguafreda | D8: 7.9 | F8: Publicació municipal 2025; la superfície s'utilitza com a magnitud territorial
A9: [430017] Aiguamúrcia | B9: 430017 | C9: Aiguamúrcia | D9: 72.95 | F9: Publicació municipal 2025; la superfície s'utilitza com a magnitud territorial
A10: [170025] Aiguaviva | B10: 170025 | C10: Aiguaviva | D10: 13.91 | F10: Publicació municipal 2025; la superfície s'utilitza com a magnitud territorial
A11: [250387] Aitona | B11: 250387 | C11: Aitona | D11: 66.9 | F11: Publicació municipal 2025; la superfície s'utilitza com a magnitud territorial
A12: [250045] Alamús, els | B12: 250045 | C12: Alamús, els | D12: 20.53 | F12: Publicació municipal 2025; la superfície s'utilitza com a magnitud territorial
A13: [250058] Alàs i Cerc | B13: 250058 | C13: Alàs i Cerc | D13: 57.67 | F13: Publicació municipal 2025; la superfície s'utilitza com a magnitud territorial
... A948: [430521] Xerta | B948: 430521 | C948: Xerta | D948: 32.39 | F948: Publicació municipal 2025; la superfície s'utilitza com a magnitud territorial

Sheet prepared_population
A1: year | B1: municipality_code | C1: municipality_name | D1: age_code | E1: age_label | F1: age_years | G1: population_total_sex | H1: value_status | I1: import_notes
A2: 2021 | B2: 430120 | C2: Altafulla | D2: Y000 | E2: 0 anys | F2: 0 | G2: 40 | I2: Total de tots els sexes; resposta JSON-stat de l'API d'Idescat
A3: 2021 | B3: 430120 | C3: Altafulla | D3: Y001 | E3: 1 any | F3: 1 | G3: 50 | I3: Total de tots els sexes; resposta JSON-stat de l'API d'Idescat
A4: 2021 | B4: 430120 | C4: Altafulla | D4: Y002 | E4: 2 anys | F4: 2 | G4: 44 | I4: Total de tots els sexes; resposta JSON-stat de l'API d'Idescat
A5: 2021 | B5: 430120 | C5: Altafulla | D5: Y003 | E5: 3 anys | F5: 3 | G5: 58 | I5: Total de tots els sexes; resposta JSON-stat de l'API d'Idescat
A6: 2021 | B6: 430120 | C6: Altafulla | D6: Y004 | E6: 4 anys | F6: 4 | G6: 73 | I6: Total de tots els sexes; resposta JSON-stat de l'API d'Idescat
A7: 2021 | B7: 430120 | C7: Altafulla | D7: Y005 | E7: 5 anys | F7: 5 | G7: 55 | I7: Total de tots els sexes; resposta JSON-stat de l'API d'Idescat
A8: 2021 | B8: 430120 | C8: Altafulla | D8: Y006 | E8: 6 anys | F8: 6 | G8: 68 | I8: Total de tots els sexes; resposta JSON-stat de l'API d'Idescat
A9: 2021 | B9: 430120 | C9: Altafulla | D9: Y007 | E9: 7 anys | F9: 7 | G9: 69 | I9: Total de tots els sexes; resposta JSON-stat de l'API d'Idescat
A10: 2021 | B10: 430120 | C10: Altafulla | D10: Y008 | E10: 8 anys | F10: 8 | G10: 68 | I10: Total de tots els sexes; resposta JSON-stat de l'API d'Idescat
A11: 2021 | B11: 430120 | C11: Altafulla | D11: Y009 | E11: 9 anys | F11: 9 | G11: 60 | I11: Total de tots els sexes; resposta JSON-stat de l'API d'Idescat
A12: 2021 | B12: 430120 | C12: Altafulla | D12: Y010 | E12: 10 anys | F12: 10 | G12: 81 | I12: Total de tots els sexes; resposta JSON-stat de l'API d'Idescat
A13: 2021 | B13: 430120 | C13: Altafulla | D13: Y011 | E13: 11 anys | F13: 11 | G13: 70 | I13: Total de tots els sexes; resposta JSON-stat de l'API d'Idescat
... A102: 2021 | B102: 430120 | C102: Altafulla | D102: Y_GE100 | E102: 100 anys o més | F102: 100 | G102: 2 | I102: Total de tots els sexes; resposta JSON-stat de l'API d'Idescat
A103: 2021 | B103: 430120 | C103: Altafulla | D103: TOTAL | E103: total | G103: 5496 | I103: Total de tots els sexes; resposta JSON-stat de l'API d'Idescat
A104: 2021 | B104: 439076 | C104: Canonja, la | D104: Y000 | E104: 0 anys | F104: 0 | G104: 48 | I104: Total de tots els sexes; resposta JSON-stat de l'API d'Idescat
A105: 2021 | B105: 439076 | C105: Canonja, la | D105: Y001 | E105: 1 any | F105: 1 | G105: 55 | I105: Total de tots els sexes; resposta JSON-stat de l'API d'Idescat
A106: 2021 | B106: 439076 | C106: Canonja, la | D106: Y002 | E106: 2 anys | F106: 2 | G106: 56 | I106: Total de tots els sexes; resposta JSON-stat de l'API d'Idescat
A107: 2021 | B107: 439076 | C107: Canonja, la | D107: Y003 | E107: 3 anys | F107: 3 | G107: 53 | I107: Total de tots els sexes; resposta JSON-stat de l'API d'Idescat
A108: 2021 | B108: 439076 | C108: Canonja, la | D108: Y004 | E108: 4 anys | F108: 4 | G108: 67 | I108: Total de tots els sexes; resposta JSON-stat de l'API d'Idescat
A109: 2021 | B109: 439076 | C109: Canonja, la | D109: Y005 | E109: 5 anys | F109: 5 | G109: 55 | I109: Total de tots els sexes; resposta JSON-stat de l'API d'Idescat
A110: 2021 | B110: 439076 | C110: Canonja, la | D110: Y006 | E110: 6 anys | F110: 6 | G110: 65 | I110: Total de tots els sexes; resposta JSON-stat de l'API d'Idescat
A111: 2021 | B111: 439076 | C111: Canonja, la | D111: Y007 | E111: 7 anys | F111: 7 | G111: 64 | I111: Total de tots els sexes; resposta JSON-stat de l'API d'Idescat
A112: 2021 | B112: 439076 | C112: Canonja, la | D112: Y008 | E112: 8 anys | F112: 8 | G112: 64 | I112: Total de tots els sexes; resposta JSON-stat de l'API d'Idescat
A113: 2021 | B113: 439076 | C113: Canonja, la | D113: Y009 | E113: 9 anys | F113: 9 | G113: 76 | I113: Total de tots els sexes; resposta JSON-stat de l'API d'Idescat
A114: 2021 | B114: 439076 | C114: Canonja, la | D114: Y010 | E114: 10 anys | F114: 10 | G114: 81 | I114: Total de tots els sexes; resposta JSON-stat de l'API d'Idescat
A115: 2021 | B115: 439076 | C115: Canonja, la | D115: Y011 | E115: 11 anys | F115: 11 | G115: 86 | I115: Total de tots els sexes; resposta JSON-stat de l'API d'Idescat
... A204: 2021 | B204: 439076 | C204: Canonja, la | D204: Y_GE100 | E204: 100 anys o més | F204: 100 | G204: 1 | I204: Total de tots els sexes; resposta JSON-stat de l'API d'Idescat
A205: 2021 | B205: 439076 | C205: Canonja, la | D205: TOTAL | E205: total | G205: 5971 | I205: Total de tots els sexes; resposta JSON-stat de l'API d'Idescat
A206: 2021 | B206: 430430 | C206: Catllar, el | D206: Y000 | E206: 0 anys | F206: 0 | G206: 38 | I206: Total de tots els sexes; resposta JSON-stat de l'API d'Idescat
A207: 2021 | B207: 430430 | C207: Catllar, el | D207: Y001 | E207: 1 any | F207: 1 | G207: 42 | I207: Total de tots els sexes; resposta JSON-stat de l'API d'Idescat
A208: 2021 | B208: 430430 | C208: Catllar, el | D208: Y002 | E208: 2 anys | F208: 2 | G208: 43 | I208: Total de tots els sexes; resposta JSON-stat de l'API d'Idescat
A209: 2021 | B209: 430430 | C209: Catllar, el | D209: Y003 | E209: 3 anys | F209: 3 | G209: 41 | I209: Total de tots els sexes; resposta JSON-stat de l'API d'Idescat
A210: 2021 | B210: 430430 | C210: Catllar, el | D210: Y004 | E210: 4 anys | F210: 4 | G210: 50 | I210: Total de tots els sexes; resposta JSON-stat de l'API d'Idescat
A211: 2021 | B211: 430430 | C211: Catllar, el | D211: Y005 | E211: 5 anys | F211: 5 | G211: 57 | I211: Total de tots els sexes; resposta JSON-stat de l'API d'Idescat
A212: 2021 | B212: 430430 | C212: Catllar, el | D212: Y006 | E212: 6 anys | F212: 6 | G212: 53 | I212: Total de tots els sexes; resposta JSON-stat de l'API d'Idescat
A213: 2021 | B213: 430430 | C213: Catllar, el | D213: Y007 | E213: 7 anys | F213: 7 | G213: 62 | I213: Total de tots els sexes; resposta JSON-stat de l'API d'Idescat
A214: 2021 | B214: 430430 | C214: Catllar, el | D214: Y008 | E214: 8 anys | F214: 8 | G214: 55 | I214: Total de tots els sexes; resposta JSON-stat de l'API d'Idescat
A215: 2021 | B215: 430430 | C215: Catllar, el | D215: Y009 | E215: 9 anys | F215: 9 | G215: 53 | I215: Total de tots els sexes; resposta JSON-stat de l'API d'Idescat
A216: 2021 | B216: 430430 | C216: Catllar, el | D216: Y010 | E216: 10 anys | F216: 10 | G216: 46 | I216: Total de tots els sexes; resposta JSON-stat de l'API d'Idescat
A217: 2021 | B217: 430430 | C217: Catllar, el | D217: Y011 | E217: 11 anys | F217: 11 | G217: 65 | I217: Total de tots els sexes; resposta JSON-stat de l'API d'Idescat
... A306: 2021 | B306: 430430 | C306: Catllar, el | D306: Y_GE100 | E306: 100 anys o més | F306: 100 | G306: 1 | I306: Total de tots els sexes; resposta JSON-stat de l'API d'Idescat
A307: 2021 | B307: 430430 | C307: Catllar, el | D307: TOTAL | E307: total | G307: 4749 | I307: Total de tots els sexes; resposta JSON-stat de l'API d'Idescat
A308: 2021 | B308: 430477 | C308: Constantí | D308: Y000 | E308: 0 anys | F308: 0 | G308: 78 | I308: Total de tots els sexes; resposta JSON-stat de l'API d'Idescat
A309: 2021 | B309: 430477 | C309: Constantí | D309: Y001 | E309: 1 any | F309: 1 | G309: 67 | I309: Total de tots els sexes; resposta JSON-stat de l'API d'Idescat
A310: 2021 | B310: 430477 | C310: Constantí | D310: Y002 | E310: 2 anys | F310: 2 | G310: 61 | I310: Total de tots els sexes; resposta JSON-stat de l'API d'Idescat
A311: 2021 | B311: 430477 | C311: Constantí | D311: Y003 | E311: 3 anys | F311: 3 | G311: 74 | I311: Total de tots els sexes; resposta JSON-stat de l'API d'Idescat
A312: 2021 | B312: 430477 | C312: Constantí | D312: Y004 | E312: 4 anys | F312: 4 | G312: 81 | I312: Total de tots els sexes; resposta JSON-stat de l'API d'Idescat
A313: 2021 | B313: 430477 | C313: Constantí | D313: Y005 | E313: 5 anys | F313: 5 | G313: 100 | I313: Total de tots els sexes; resposta JSON-stat de l'API d'Idescat
A314: 2021 | B314: 430477 | C314: Constantí | D314: Y006 | E314: 6 anys | F314: 6 | G314: 72 | I314: Total de tots els sexes; resposta JSON-stat de l'API d'Idescat
A315: 2021 | B315: 430477 | C315: Constantí | D315: Y007 | E315: 7 anys | F315: 7 | G315: 94 | I315: Total de tots els sexes; resposta JSON-stat de l'API d'Idescat
A316: 2021 | B316: 430477 | C316: Constantí | D316: Y008 | E316: 8 anys | F316: 8 | G316: 90 | I316: Total de tots els sexes; resposta JSON-stat de l'API d'Idescat
A317: 2021 | B317: 430477 | C317: Constantí | D317: Y009 | E317: 9 anys | F317: 9 | G317: 78 | I317: Total de tots els sexes; resposta JSON-stat de l'API d'Idescat
A318: 2021 | B318: 430477 | C318: Constantí | D318: Y010 | E318: 10 anys | F318: 10 | G318: 97 | I318: Total de tots els sexes; resposta JSON-stat de l'API d'Idescat
A319: 2021 | B319: 430477 | C319: Constantí | D319: Y011 | E319: 11 anys | F319: 11 | G319: 86 | I319: Total de tots els sexes; resposta JSON-stat de l'API d'Idescat
... A408: 2021 | B408: 430477 | C408: Constantí | D408: Y_GE100 | E408: 100 anys o més | F408: 100 | G408: 0 | I408: Total de tots els sexes; resposta JSON-stat de l'API d'Idescat
A409: 2021 | B409: 430477 | C409: Constantí | D409: TOTAL | E409: total | G409: 6761 | I409: Total de tots els sexes; resposta JSON-stat de l'API d'Idescat
A410: 2021 | B410: 430509 | C410: Creixell | D410: Y000 | E410: 0 anys | F410: 0 | G410: 32 | I410: Total de tots els sexes; resposta JSON-stat de l'API d'Idescat
A411: 2021 | B411: 430509 | C411: Creixell | D411: Y001 | E411: 1 any | F411: 1 | G411: 31 | I411: Total de tots els sexes; resposta JSON-stat de l'API d'Idescat
A412: 2021 | B412: 430509 | C412: Creixell | D412: Y002 | E412: 2 anys | F412: 2 | G412: 41 | I412: Total de tots els sexes; resposta JSON-stat de l'API d'Idescat
A413: 2021 | B413: 430509 | C413: Creixell | D413: Y003 | E413: 3 anys | F413: 3 | G413: 39 | I413: Total de tots els sexes; resposta JSON-stat de l'API d'Idescat
A414: 2021 | B414: 430509 | C414: Creixell | D414: Y004 | E414: 4 anys | F414: 4 | G414: 40 | I414: Total de tots els sexes; resposta JSON-stat de l'API d'Idescat
A415: 2021 | B415: 430509 | C415: Creixell | D415: Y005 | E415: 5 anys | F415: 5 | G415: 39 | I415: Total de tots els sexes; resposta JSON-stat de l'API d'Idescat
A416: 2021 | B416: 430509 | C416: Creixell | D416: Y006 | E416: 6 anys | F416: 6 | G416: 32 | I416: Total de tots els sexes; resposta JSON-stat de l'API d'Idescat
A417: 2021 | B417: 430509 | C417: Creixell | D417: Y007 | E417: 7 anys | F417: 7 | G417: 39 | I417: Total de tots els sexes; resposta JSON-stat de l'API d'Idescat
A418: 2021 | B418: 430509 | C418: Creixell | D418: Y008 | E418: 8 anys | F418: 8 | G418: 42 | I418: Total de tots els sexes; resposta JSON-stat de l'API d'Idescat
A419: 2021 | B419: 430509 | C419: Creixell | D419: Y009 | E419: 9 anys | F419: 9 | G419: 32 | I419: Total de tots els sexes; resposta JSON-stat de l'API d'Idescat
A420: 2021 | B420: 430509 | C420: Creixell | D420: Y010 | E420: 10 anys | F420: 10 | G420: 36 | I420: Total de tots els sexes; resposta JSON-stat de l'API d'Idescat
A421: 2021 | B421: 430509 | C421: Creixell | D421: Y011 | E421: 11 anys | F421: 11 | G421: 46 | I421: Total de tots els sexes; resposta JSON-stat de l'API d'Idescat
... A510: 2021 | B510: 430509 | C510: Creixell | D510: Y_GE100 | E510: 100 anys o més | F510: 100 | G510: 1 | I510: Total de tots els sexes; resposta JSON-stat de l'API d'Idescat
A511: 2021 | B511: 430509 | C511: Creixell | D511: TOTAL | E511: total | G511: 3901 | I511: Total de tots els sexes; resposta JSON-stat de l'API d'Idescat
A512: 2021 | B512: 430957 | C512: Morell, el | D512: Y000 | E512: 0 anys | F512: 0 | G512: 25 | I512: Total de tots els sexes; resposta JSON-stat de l'API d'Idescat
A513: 2021 | B513: 430957 | C513: Morell, el | D513: Y001 | E513: 1 any | F513: 1 | G513: 38 | I513: Total de tots els sexes; resposta JSON-stat de l'API d'Idescat
A514: 2021 | B514: 430957 | C514: Morell, el | D514: Y002 | E514: 2 anys | F514: 2 | G514: 37 | I514: Total de tots els sexes; resposta JSON-stat de l'API d'Idescat
A515: 2021 | B515: 430957 | C515: Morell, el | D515: Y003 | E515: 3 anys | F515: 3 | G515: 27 | I515: Total de tots els sexes; resposta JSON-stat de l'API d'Idescat
A516: 2021 | B516: 430957 | C516: Morell, el | D516: Y004 | E516: 4 anys | F516: 4 | G516: 39 | I516: Total de tots els sexes; resposta JSON-stat de l'API d'Idescat
A517: 2021 | B517: 430957 | C517: Morell, el | D517: Y005 | E517: 5 anys | F517: 5 | G517: 53 | I517: Total de tots els sexes; resposta JSON-stat de l'API d'Idescat
A518: 2021 | B518: 430957 | C518: Morell, el | D518: Y006 | E518: 6 anys | F518: 6 | G518: 51 | I518: Total de tots els sexes; resposta JSON-stat de l'API d'Idescat
A519: 2021 | B519: 430957 | C519: Morell, el | D519: Y007 | E519: 7 anys | F519: 7 | G519: 41 | I519: Total de tots els sexes; resposta JSON-stat de l'API d'Idescat
A520: 2021 | B520: 430957 | C520: Morell, el | D520: Y008 | E520: 8 anys | F520: 8 | G520: 55 | I520: Total de tots els sexes; resposta JSON-stat de l'API d'Idescat
A521: 2021 | B521: 430957 | C521: Morell, el | D521: Y009 | E521: 9 anys | F521: 9 | G521: 44 | I521: Total de tots els sexes; resposta JSON-stat de l'API d'Idescat
A522: 2021 | B522: 430957 | C522: Morell, el | D522: Y010 | E522: 10 anys | F522: 10 | G522: 46 | I522: Total de tots els sexes; resposta JSON-stat de l'API d'Idescat
A523: 2021 | B523: 430957 | C523: Morell, el | D523: Y011 | E523: 11 anys | F523: 11 | G523: 41 | I523: Total de tots els sexes; resposta JSON-stat de l'API d'Idescat
... A612: 2021 | B612: 430957 | C612: Morell, el | D612: Y_GE100 | E612: 100 anys o més | F612: 100 | G612: 0 | I612: Total de tots els sexes; resposta JSON-stat de l'API d'Idescat
A613: 2021 | B613: 430957 | C613: Morell, el | D613: TOTAL | E613: total | G613: 3727 | I613: Total de tots els sexes; resposta JSON-stat de l'API d'Idescat
A614: 2021 | B614: 430976 | C614: Nou de Gaià, la | D614: Y000 | E614: 0 anys | F614: 0 | G614: 2 | I614: Total de tots els sexes; resposta JSON-stat de l'API d'Idescat
A615: 2021 | B615: 430976 | C615: Nou de Gaià, la | D615: Y001 | E615: 1 any | F615: 1 | G615: 3 | I615: Total de tots els sexes; resposta JSON-stat de l'API d'Idescat
A616: 2021 | B616: 430976 | C616: Nou de Gaià, la | D616: Y002 | E616: 2 anys | F616: 2 | G616: 9 | I616: Total de tots els sexes; resposta JSON-stat de l'API d'Idescat
A617: 2021 | B617: 430976 | C617: Nou de Gaià, la | D617: Y003 | E617: 3 anys | F617: 3 | G617: 6 | I617: Total de tots els sexes; resposta JSON-stat de l'API d'Idescat
A618: 2021 | B618: 430976 | C618: Nou de Gaià, la | D618: Y004 | E618: 4 anys | F618: 4 | G618: 9 | I618: Total de tots els sexes; resposta JSON-stat de l'API d'Idescat
A619: 2021 | B619: 430976 | C619: Nou de Gaià, la | D619: Y005 | E619: 5 anys | F619: 5 | G619: 10 | I619: Total de tots els sexes; resposta JSON-stat de l'API d'Idescat
A620: 2021 | B620: 430976 | C620: Nou de Gaià, la | D620: Y006 | E620: 6 anys | F620: 6 | G620: 11 | I620: Total de tots els sexes; resposta JSON-stat de l'API d'Idescat
A621: 2021 | B621: 430976 | C621: Nou de Gaià, la | D621: Y007 | E621: 7 anys | F621: 7 | G621: 7 | I621: Total de tots els sexes; resposta JSON-stat de l'API d'Idescat
A622: 2021 | B622: 430976 | C622: Nou de Gaià, la | D622: Y008 | E622: 8 anys | F622: 8 | G622: 8 | I622: Total de tots els sexes; resposta JSON-stat de l'API d'Idescat
A623: 2021 | B623: 430976 | C623: Nou de Gaià, la | D623: Y009 | E623: 9 anys | F623: 9 | G623: 14 | I623: Total de tots els sexes; resposta JSON-stat de l'API d'Idescat
A624: 2021 | B624: 430976 | C624: Nou de Gaià, la | D624: Y010 | E624: 10 anys | F624: 10 | G624: 8 | I624: Total de tots els sexes; resposta JSON-stat de l'API d'Idescat
A625: 2021 | B625: 430976 | C625: Nou de Gaià, la | D625: Y011 | E625: 11 anys | F625: 11 | G625: 9 | I625: Total de tots els sexes; resposta JSON-stat de l'API d'Idescat
... A714: 2021 | B714: 430976 | C714: Nou de Gaià, la | D714: Y_GE100 | E714: 100 anys o més | F714: 100 | G714: 0 | I714: Total de tots els sexes; resposta JSON-stat de l'API d'Idescat
A715: 2021 | B715: 430976 | C715: Nou de Gaià, la | D715: TOTAL | E715: total | G715: 617 | I715: Total de tots els sexes; resposta JSON-stat de l'API d'Idescat
A716: 2021 | B716: 431009 | C716: Pallaresos, els | D716: Y000 | E716: 0 anys | F716: 0 | G716: 26 | I716: Total de tots els sexes; resposta JSON-stat de l'API d'Idescat
...

Sheet prepared_housing
A1: raw_municipality | B1: municipality_code | C1: municipality_name | D1: housing_total | E1: housing_main | F1: housing_non_main | G1: value_status | H1: import_notes
A2: [250019] Abella de la Conca | B2: 250019 | C2: Abella de la Conca | D2: 117 | E2: 65 | F2: 52 | H2: Total habitatges familiars; principal i no principal provenen de les categories publicades
A3: [080018] Abrera | B3: 080018 | C3: Abrera | D3: 5266 | E3: 4643 | F3: 623 | H3: Total habitatges familiars; principal i no principal provenen de les categories publicades
A4: [250024] Àger | B4: 250024 | C4: Àger | D4: 692 | E4: 239 | F4: 453 | H4: Total habitatges familiars; principal i no principal provenen de les categories publicades
A5: [250030] Agramunt | B5: 250030 | C5: Agramunt | D5: 2745 | E5: 2049 | F5: 696 | H5: Total habitatges familiars; principal i no principal provenen de les categories publicades
A6: [080023] Aguilar de Segarra | B6: 080023 | C6: Aguilar de Segarra | D6: 151 | E6: 99 | F6: 52 | H6: Total habitatges familiars; principal i no principal provenen de les categories publicades
A7: [170010] Agullana | B7: 170010 | C7: Agullana | D7: 589 | E7: 350 | F7: 239 | H7: Total habitatges familiars; principal i no principal provenen de les categories publicades
A8: [080142] Aiguafreda | B8: 080142 | C8: Aiguafreda | D8: 1298 | E8: 1013 | F8: 285 | H8: Total habitatges familiars; principal i no principal provenen de les categories publicades
A9: [430017] Aiguamúrcia | B9: 430017 | C9: Aiguamúrcia | D9: 876 | E9: 404 | F9: 472 | H9: Total habitatges familiars; principal i no principal provenen de les categories publicades
A10: [170025] Aiguaviva | B10: 170025 | C10: Aiguaviva | D10: 298 | E10: 243 | F10: 55 | H10: Total habitatges familiars; principal i no principal provenen de les categories publicades
A11: [250387] Aitona | B11: 250387 | C11: Aitona | D11: 1218 | E11: 834 | F11: 384 | H11: Total habitatges familiars; principal i no principal provenen de les categories publicades
A12: [250045] Alamús, els | B12: 250045 | C12: Alamús, els | D12: 472 | E12: 293 | F12: 179 | H12: Total habitatges familiars; principal i no principal provenen de les categories publicades
A13: [250058] Alàs i Cerc | B13: 250058 | C13: Alàs i Cerc | D13: 305 | E13: 142 | F13: 163 | H13: Total habitatges familiars; principal i no principal provenen de les categories publicades
... A948: [430521] Xerta | B948: 430521 | C948: Xerta | D948: 855 | E948: 486 | F948: 369 | H948: Total habitatges familiars; principal i no principal provenen de les categories publicades

Sheet checks
A1: check_id | B1: scope | C1: test | D1: expected | E1: observed | F1: status | G1: notes
A2: C01 | B2: source_codes | C2: Files municipals importades | D2: 947 | E2: 947 | F2: OK | G2: Capçalera detectada: Codi, Nom, Codi comarca, Nom comarca
A3: C02 | B3: prepared_codes | C3: Codis municipals duplicats | D3: 0 | E3: 0 | F3: OK | G3: Clau de sis caràcters conservada com a text
A4: C03 | B4: municipal | C4: Municipis del Tarragonès | D4: 22 | E4: 22 | F4: OK | G4: Filtrats amb el codi de comarca 36
A5: C04 | B5: municipal | C5: Fonts sense correspondència | D5: 0 | E5: 0 | F5: OK | G5: Població, habitatge i superfície contrastats per codi
A6: C05 | B6: municipal | C6: Suma dels grups d'edat diferent del total | D6: 0 o documentat | E6: 0 | F6: OK | G6: No es força la coincidència si la font presenta arrodoniments
A7: C06 | B7: municipal | C7: Municipi de control | D7: 431711 Vila-seca | E7: 431711 Vila-seca | F7: OK | G7: Codi contrastat entre les quatre fonts
A8: C07 | B8: source_surface | C8: Període de la superfície | D8: Compatibilitat documentada | E8: Publicació 2025 | F8: REVISAR | G8: Cal justificar l'ús com a denominador de població 2021 o obtenir una edició territorial equivalent
A9: C08 | B9: indicators_* | C9: Files municipals i codis únics | D9: 22 i 22 | E9: 22 i 22 | F9: OK | G9: Una fila per municipi a cada família
A10: C09 | B10: indicators_* | C10: Denominadors no positius | D10: 0 | E10: 0 | F10: OK | G10: Població, població jove, superfície, habitatges totals i principals
A11: C10 | B11: municipal | C11: Components diferents dels totals | D11: 0 | E11: 0 | F11: OK | G11: Població i habitatges reconstruïts
A12: C11 | B12: indicators_* | C12: Fórmules municipals | D12: 132 | E12: 132 | F12: OK | G12: Sis indicadors per 22 municipis
A13: C12 | B13: indicators_* | C13: Percentatges fora de 0–100 | D13: 0 | E13: 0 | F13: OK | G13: Pes jove, pes gran i habitatge no principal
A14: C13 | B14: indicators_summary | C14: Agregats calculats des de components | D14: 8 | E14: 8 | F14: OK | G14: No s'utilitzen mitjanes simples de percentatges
A15: C14 | B15: indicators_summary | C15: Superfície temporalment compatible | D15: Justificació | E15: Pendent | F15: REVISAR | G15: La densitat continua provisional fins a resoldre C07

Sheet municipal
A1: municipality_code | B1: municipality_name | C1: county_code | D1: county_name | E1: population_total | F1: population_0_14 | G1: population_15_64 | H1: population_65_plus | I1: housing_total | J1: housing_main | K1: housing_non_main | L1: surface_km2 | M1: preparation_notes
A2: =prepared_codes!B48 | B2: =prepared_codes!C48 | C2: =prepared_codes!D48 | D2: =prepared_codes!E48 | E2: =SUMIFS(prepared_population!$G:$G,prepared_population!$B:$B,$A2,prepared_population!$D:$D,"TOTAL") | F2: =SUMIFS(prepared_population!$G:$G,prepared_population!$B:$B,$A2,prepared_population!$F:$F,">=0",prepared_population!$F:$F,"<=14") | G2: =SUMIFS(prepared_population!$G:$G,prepared_population!$B:$B,$A2,prepared_population!$F:$F,">=15",prepared_population!$F:$F,"<=64") | H2: =SUMIFS(prepared_population!$G:$G,prepared_population!$B:$B,$A2,prepared_population!$F:$F,">=65") | I2: =prepared_housing!D48 | J2: =prepared_housing!E48 | K2: =prepared_housing!F48 | L2: =prepared_surface!D48 | M2: Població i habitatge: 2021; superfície: publicació 2025, amb compatibilitat territorial pendent de revisió explícita
A3: =prepared_codes!B222 | B3: =prepared_codes!C222 | C3: =prepared_codes!D222 | D3: =prepared_codes!E222 | E3: =SUMIFS(prepared_population!$G:$G,prepared_population!$B:$B,$A3,prepared_population!$D:$D,"TOTAL") | F3: =SUMIFS(prepared_population!$G:$G,prepared_population!$B:$B,$A3,prepared_population!$F:$F,">=0",prepared_population!$F:$F,"<=14") | G3: =SUMIFS(prepared_population!$G:$G,prepared_population!$B:$B,$A3,prepared_population!$F:$F,">=15",prepared_population!$F:$F,"<=64") | H3: =SUMIFS(prepared_population!$G:$G,prepared_population!$B:$B,$A3,prepared_population!$F:$F,">=65") | I3: =prepared_housing!D222 | J3: =prepared_housing!E222 | K3: =prepared_housing!F222 | L3: =prepared_surface!D222 | M3: Població i habitatge: 2021; superfície: publicació 2025, amb compatibilitat territorial pendent de revisió explícita
A4: =prepared_codes!B246 | B4: =prepared_codes!C246 | C4: =prepared_codes!D246 | D4: =prepared_codes!E246 | E4: =SUMIFS(prepared_population!$G:$G,prepared_population!$B:$B,$A4,prepared_population!$D:$D,"TOTAL") | F4: =SUMIFS(prepared_population!$G:$G,prepared_population!$B:$B,$A4,prepared_population!$F:$F,">=0",prepared_population!$F:$F,"<=14") | G4: =SUMIFS(prepared_population!$G:$G,prepared_population!$B:$B,$A4,prepared_population!$F:$F,">=15",prepared_population!$F:$F,"<=64") | H4: =SUMIFS(prepared_population!$G:$G,prepared_population!$B:$B,$A4,prepared_population!$F:$F,">=65") | I4: =prepared_housing!D246 | J4: =prepared_housing!E246 | K4: =prepared_housing!F246 | L4: =prepared_surface!D246 | M4: Població i habitatge: 2021; superfície: publicació 2025, amb compatibilitat territorial pendent de revisió explícita
A5: =prepared_codes!B255 | B5: =prepared_codes!C255 | C5: =prepared_codes!D255 | D5: =prepared_codes!E255 | E5: =SUMIFS(prepared_population!$G:$G,prepared_population!$B:$B,$A5,prepared_population!$D:$D,"TOTAL") | F5: =SUMIFS(prepared_population!$G:$G,prepared_population!$B:$B,$A5,prepared_population!$F:$F,">=0",prepared_population!$F:$F,"<=14") | G5: =SUMIFS(prepared_population!$G:$G,prepared_population!$B:$B,$A5,prepared_population!$F:$F,">=15",prepared_population!$F:$F,"<=64") | H5: =SUMIFS(prepared_population!$G:$G,prepared_population!$B:$B,$A5,prepared_population!$F:$F,">=65") | I5: =prepared_housing!D255 | J5: =prepared_housing!E255 | K5: =prepared_housing!F255 | L5: =prepared_surface!D255 | M5: Població i habitatge: 2021; superfície: publicació 2025, amb compatibilitat territorial pendent de revisió explícita
A6: =prepared_codes!B475 | B6: =prepared_codes!C475 | C6: =prepared_codes!D475 | D6: =prepared_codes!E475 | E6: =SUMIFS(prepared_population!$G:$G,prepared_population!$B:$B,$A6,prepared_population!$D:$D,"TOTAL") | F6: =SUMIFS(prepared_population!$G:$G,prepared_population!$B:$B,$A6,prepared_population!$F:$F,">=0",prepared_population!$F:$F,"<=14") | G6: =SUMIFS(prepared_population!$G:$G,prepared_population!$B:$B,$A6,prepared_population!$F:$F,">=15",prepared_population!$F:$F,"<=64") | H6: =SUMIFS(prepared_population!$G:$G,prepared_population!$B:$B,$A6,prepared_population!$F:$F,">=65") | I6: =prepared_housing!D475 | J6: =prepared_housing!E475 | K6: =prepared_housing!F475 | L6: =prepared_surface!D475 | M6: Població i habitatge: 2021; superfície: publicació 2025, amb compatibilitat territorial pendent de revisió explícita
A7: =prepared_codes!B486 | B7: =prepared_codes!C486 | C7: =prepared_codes!D486 | D7: =prepared_codes!E486 | E7: =SUMIFS(prepared_population!$G:$G,prepared_population!$B:$B,$A7,prepared_population!$D:$D,"TOTAL") | F7: =SUMIFS(prepared_population!$G:$G,prepared_population!$B:$B,$A7,prepared_population!$F:$F,">=0",prepared_population!$F:$F,"<=14") | G7: =SUMIFS(prepared_population!$G:$G,prepared_population!$B:$B,$A7,prepared_population!$F:$F,">=15",prepared_population!$F:$F,"<=64") | H7: =SUMIFS(prepared_population!$G:$G,prepared_population!$B:$B,$A7,prepared_population!$F:$F,">=65") | I7: =prepared_housing!D486 | J7: =prepared_housing!E486 | K7: =prepared_housing!F486 | L7: =prepared_surface!D486 | M7: Població i habitatge: 2021; superfície: publicació 2025, amb compatibilitat territorial pendent de revisió explícita
A8: =prepared_codes!B522 | B8: =prepared_codes!C522 | C8: =prepared_codes!D522 | D8: =prepared_codes!E522 | E8: =SUMIFS(prepared_population!$G:$G,prepared_population!$B:$B,$A8,prepared_population!$D:$D,"TOTAL") | F8: =SUMIFS(prepared_population!$G:$G,prepared_population!$B:$B,$A8,prepared_population!$F:$F,">=0",prepared_population!$F:$F,"<=14") | G8: =SUMIFS(prepared_population!$G:$G,prepared_population!$B:$B,$A8,prepared_population!$F:$F,">=15",prepared_population!$F:$F,"<=64") | H8: =SUMIFS(prepared_population!$G:$G,prepared_population!$B:$B,$A8,prepared_population!$F:$F,">=65") | I8: =prepared_housing!D522 | J8: =prepared_housing!E522 | K8: =prepared_housing!F522 | L8: =prepared_surface!D522 | M8: Població i habitatge: 2021; superfície: publicació 2025, amb compatibilitat territorial pendent de revisió explícita
A9: =prepared_codes!B539 | B9: =prepared_codes!C539 | C9: =prepared_codes!D539 | D9: =prepared_codes!E539 | E9: =SUMIFS(prepared_population!$G:$G,prepared_population!$B:$B,$A9,prepared_population!$D:$D,"TOTAL") | F9: =SUMIFS(prepared_population!$G:$G,prepared_population!$B:$B,$A9,prepared_population!$F:$F,">=0",prepared_population!$F:$F,"<=14") | G9: =SUMIFS(prepared_population!$G:$G,prepared_population!$B:$B,$A9,prepared_population!$F:$F,">=15",prepared_population!$F:$F,"<=64") | H9: =SUMIFS(prepared_population!$G:$G,prepared_population!$B:$B,$A9,prepared_population!$F:$F,">=65") | I9: =prepared_housing!D539 | J9: =prepared_housing!E539 | K9: =prepared_housing!F539 | L9: =prepared_surface!D539 | M9: Població i habitatge: 2021; superfície: publicació 2025, amb compatibilitat territorial pendent de revisió explícita
A10: =prepared_codes!B559 | B10: =prepared_codes!C559 | C10: =prepared_codes!D559 | D10: =prepared_codes!E559 | E10: =SUMIFS(prepared_population!$G:$G,prepared_population!$B:$B,$A10,prepared_population!$D:$D,"TOTAL") | F10: =SUMIFS(prepared_population!$G:$G,prepared_population!$B:$B,$A10,prepared_population!$F:$F,">=0",prepared_population!$F:$F,"<=14") | G10: =SUMIFS(prepared_population!$G:$G,prepared_population!$B:$B,$A10,prepared_population!$F:$F,">=15",prepared_population!$F:$F,"<=64") | H10: =SUMIFS(prepared_population!$G:$G,prepared_population!$B:$B,$A10,prepared_population!$F:$F,">=65") | I10: =prepared_housing!D559 | J10: =prepared_housing!E559 | K10: =prepared_housing!F559 | L10: =prepared_surface!D559 | M10: Població i habitatge: 2021; superfície: publicació 2025, amb compatibilitat territorial pendent de revisió explícita
A11: =prepared_codes!B561 | B11: =prepared_codes!C561 | C11: =prepared_codes!D561 | D11: =prepared_codes!E561 | E11: =SUMIFS(prepared_population!$G:$G,prepared_population!$B:$B,$A11,prepared_population!$D:$D,"TOTAL") | F11: =SUMIFS(prepared_population!$G:$G,prepared_population!$B:$B,$A11,prepared_population!$F:$F,">=0",prepared_population!$F:$F,"<=14") | G11: =SUMIFS(prepared_population!$G:$G,prepared_population!$B:$B,$A11,prepared_population!$F:$F,">=15",prepared_population!$F:$F,"<=64") | H11: =SUMIFS(prepared_population!$G:$G,prepared_population!$B:$B,$A11,prepared_population!$F:$F,">=65") | I11: =prepared_housing!D561 | J11: =prepared_housing!E561 | K11: =prepared_housing!F561 | L11: =prepared_surface!D561 | M11: Població i habitatge: 2021; superfície: publicació 2025, amb compatibilitat territorial pendent de revisió explícita
A12: =prepared_codes!B611 | B12: =prepared_codes!C611 | C12: =prepared_codes!D611 | D12: =prepared_codes!E611 | E12: =SUMIFS(prepared_population!$G:$G,prepared_population!$B:$B,$A12,prepared_population!$D:$D,"TOTAL") | F12: =SUMIFS(prepared_population!$G:$G,prepared_population!$B:$B,$A12,prepared_population!$F:$F,">=0",prepared_population!$F:$F,"<=14") | G12: =SUMIFS(prepared_population!$G:$G,prepared_population!$B:$B,$A12,prepared_population!$F:$F,">=15",prepared_population!$F:$F,"<=64") | H12: =SUMIFS(prepared_population!$G:$G,prepared_population!$B:$B,$A12,prepared_population!$F:$F,">=65") | I12: =prepared_housing!D611 | J12: =prepared_housing!E611 | K12: =prepared_housing!F611 | L12: =prepared_surface!D611 | M12: Població i habitatge: 2021; superfície: publicació 2025, amb compatibilitat territorial pendent de revisió explícita
A13: =prepared_codes!B620 | B13: =prepared_codes!C620 | C13: =prepared_codes!D620 | D13: =prepared_codes!E620 | E13: =SUMIFS(prepared_population!$G:$G,prepared_population!$B:$B,$A13,prepared_population!$D:$D,"TOTAL") | F13: =SUMIFS(prepared_population!$G:$G,prepared_population!$B:$B,$A13,prepared_population!$F:$F,">=0",prepared_population!$F:$F,"<=14") | G13: =SUMIFS(prepared_population!$G:$G,prepared_population!$B:$B,$A13,prepared_population!$F:$F,">=15",prepared_population!$F:$F,"<=64") | H13: =SUMIFS(prepared_population!$G:$G,prepared_population!$B:$B,$A13,prepared_population!$F:$F,">=65") | I13: =prepared_housing!D620 | J13: =prepared_housing!E620 | K13: =prepared_housing!F620 | L13: =prepared_surface!D620 | M13: Població i habitatge: 2021; superfície: publicació 2025, amb compatibilitat territorial pendent de revisió explícita
A14: =prepared_codes!B634 | B14: =prepared_codes!C634 | C14: =prepared_codes!D634 | D14: =prepared_codes!E634 | E14: =SUMIFS(prepared_population!$G:$G,prepared_population!$B:$B,$A14,prepared_population!$D:$D,"TOTAL") | F14: =SUMIFS(prepared_population!$G:$G,prepared_population!$B:$B,$A14,prepared_population!$F:$F,">=0",prepared_population!$F:$F,"<=14") | G14: =SUMIFS(prepared_population!$G:$G,prepared_population!$B:$B,$A14,prepared_population!$F:$F,">=15",prepared_population!$F:$F,"<=64") | H14: =SUMIFS(prepared_population!$G:$G,prepared_population!$B:$B,$A14,prepared_population!$F:$F,">=65") | I14: =prepared_housing!D634 | J14: =prepared_housing!E634 | K14: =prepared_housing!F634 | L14: =prepared_surface!D634 | M14: Població i habitatge: 2021; superfície: publicació 2025, amb compatibilitat territorial pendent de revisió explícita
A15: =prepared_codes!B651 | B15: =prepared_codes!C651 | C15: =prepared_codes!D651 | D15: =prepared_codes!E651 | E15: =SUMIFS(prepared_population!$G:$G,prepared_population!$B:$B,$A15,prepared_population!$D:$D,"TOTAL") | F15: =SUMIFS(prepared_population!$G:$G,prepared_population!$B:$B,$A15,prepared_population!$F:$F,">=0",prepared_population!$F:$F,"<=14") | G15: =SUMIFS(prepared_population!$G:$G,prepared_population!$B:$B,$A15,prepared_population!$F:$F,">=15",prepared_population!$F:$F,"<=64") | H15: =SUMIFS(prepared_population!$G:$G,prepared_population!$B:$B,$A15,prepared_population!$F:$F,">=65") | I15: =prepared_housing!D651 | J15: =prepared_housing!E651 | K15: =prepared_housing!F651 | L15: =prepared_surface!D651 | M15: Població i habitatge: 2021; superfície: publicació 2025, amb compatibilitat territorial pendent de revisió explícita
A16: =prepared_codes!B771 | B16: =prepared_codes!C771 | C16: =prepared_codes!D771 | D16: =prepared_codes!E771 | E16: =SUMIFS(prepared_population!$G:$G,prepared_population!$B:$B,$A16,prepared_population!$D:$D,"TOTAL") | F16: =SUMIFS(prepared_population!$G:$G,prepared_population!$B:$B,$A16,prepared_population!$F:$F,">=0",prepared_population!$F:$F,"<=14") | G16: =SUMIFS(prepared_population!$G:$G,prepared_population!$B:$B,$A16,prepared_population!$F:$F,">=15",prepared_population!$F:$F,"<=64") | H16: =SUMIFS(prepared_population!$G:$G,prepared_population!$B:$B,$A16,prepared_population!$F:$F,">=65") | I16: =prepared_housing!D771 | J16: =prepared_housing!E771 | K16: =prepared_housing!F771 | L16: =prepared_surface!D771 | M16: Població i habitatge: 2021; superfície: publicació 2025, amb compatibilitat territorial pendent de revisió explícita
A17: =prepared_codes!B808 | B17: =prepared_codes!C808 | C17: =prepared_codes!D808 | D17: =prepared_codes!E808 | E17: =SUMIFS(prepared_population!$G:$G,prepared_population!$B:$B,$A17,prepared_population!$D:$D,"TOTAL") | F17: =SUMIFS(prepared_population!$G:$G,prepared_population!$B:$B,$A17,prepared_population!$F:$F,">=0",prepared_population!$F:$F,"<=14") | G17: =SUMIFS(prepared_population!$G:$G,prepared_population!$B:$B,$A17,prepared_population!$F:$F,">=15",prepared_population!$F:$F,"<=64") | H17: =SUMIFS(prepared_population!$G:$G,prepared_population!$B:$B,$A17,prepared_population!$F:$F,">=65") | I17: =prepared_housing!D808 | J17: =prepared_housing!E808 | K17: =prepared_housing!F808 | L17: =prepared_surface!D808 | M17: Població i habitatge: 2021; superfície: publicació 2025, amb compatibilitat territorial pendent de revisió explícita
A18: =prepared_codes!B835 | B18: =prepared_codes!C835 | C18: =prepared_codes!D835 | D18: =prepared_codes!E835 | E18: =SUMIFS(prepared_population!$G:$G,prepared_population!$B:$B,$A18,prepared_population!$D:$D,"TOTAL") | F18: =SUMIFS(prepared_population!$G:$G,prepared_population!$B:$B,$A18,prepared_population!$F:$F,">=0",prepared_population!$F:$F,"<=14") | G18: =SUMIFS(prepared_population!$G:$G,prepared_population!$B:$B,$A18,prepared_population!$F:$F,">=15",prepared_population!$F:$F,"<=64") | H18: =SUMIFS(prepared_population!$G:$G,prepared_population!$B:$B,$A18,prepared_population!$F:$F,">=65") | I18: =prepared_housing!D834 | J18: =prepared_housing!E834 | K18: =prepared_housing!F834 | L18: =prepared_surface!D834 | M18: Població i habitatge: 2021; superfície: publicació 2025, amb compatibilitat territorial pendent de revisió explícita
A19: =prepared_codes!B888 | B19: =prepared_codes!C888 | C19: =prepared_codes!D888 | D19: =prepared_codes!E888 | E19: =SUMIFS(prepared_population!$G:$G,prepared_population!$B:$B,$A19,prepared_population!$D:$D,"TOTAL") | F19: =SUMIFS(prepared_population!$G:$G,prepared_population!$B:$B,$A19,prepared_population!$F:$F,">=0",prepared_population!$F:$F,"<=14") | G19: =SUMIFS(prepared_population!$G:$G,prepared_population!$B:$B,$A19,prepared_population!$F:$F,">=15",prepared_population!$F:$F,"<=64") | H19: =SUMIFS(prepared_population!$G:$G,prepared_population!$B:$B,$A19,prepared_population!$F:$F,">=65") | I19: =prepared_housing!D888 | J19: =prepared_housing!E888 | K19: =prepared_housing!F888 | L19: =prepared_surface!D888 | M19: Població i habitatge: 2021; superfície: publicació 2025, amb compatibilitat territorial pendent de revisió explícita
A20: =prepared_codes!B915 | B20: =prepared_codes!C915 | C20: =prepared_codes!D915 | D20: =prepared_codes!E915 | E20: =SUMIFS(prepared_population!$G:$G,prepared_population!$B:$B,$A20,prepared_population!$D:$D,"TOTAL") | F20: =SUMIFS(prepared_population!$G:$G,prepared_population!$B:$B,$A20,prepared_population!$F:$F,">=0",prepared_population!$F:$F,"<=14") | G20: =SUMIFS(prepared_population!$G:$G,prepared_population!$B:$B,$A20,prepared_population!$F:$F,">=15",prepared_population!$F:$F,"<=64") | H20: =SUMIFS(prepared_population!$G:$G,prepared_population!$B:$B,$A20,prepared_population!$F:$F,">=65") | I20: =prepared_housing!D911 | J20: =prepared_housing!E911 | K20: =prepared_housing!F911 | L20: =prepared_surface!D911 | M20: Població i habitatge: 2021; superfície: publicació 2025, amb compatibilitat territorial pendent de revisió explícita
A21: =prepared_codes!B896 | B21: =prepared_codes!C896 | C21: =prepared_codes!D896 | D21: =prepared_codes!E896 | E21: =SUMIFS(prepared_population!$G:$G,prepared_population!$B:$B,$A21,prepared_population!$D:$D,"TOTAL") | F21: =SUMIFS(prepared_population!$G:$G,prepared_population!$B:$B,$A21,prepared_population!$F:$F,">=0",prepared_population!$F:$F,"<=14") | G21: =SUMIFS(prepared_population!$G:$G,prepared_population!$B:$B,$A21,prepared_population!$F:$F,">=15",prepared_population!$F:$F,"<=64") | H21: =SUMIFS(prepared_population!$G:$G,prepared_population!$B:$B,$A21,prepared_population!$F:$F,">=65") | I21: =prepared_housing!D932 | J21: =prepared_housing!E932 | K21: =prepared_housing!F932 | L21: =prepared_surface!D932 | M21: Població i habitatge: 2021; superfície: publicació 2025, amb compatibilitat territorial pendent de revisió explícita
A22: =prepared_codes!B652 | B22: =prepared_codes!C652 | C22: =prepared_codes!D652 | D22: =prepared_codes!E652 | E22: =SUMIFS(prepared_population!$G:$G,prepared_population!$B:$B,$A22,prepared_population!$D:$D,"TOTAL") | F22: =SUMIFS(prepared_population!$G:$G,prepared_population!$B:$B,$A22,prepared_population!$F:$F,">=0",prepared_population!$F:$F,"<=14") | G22: =SUMIFS(prepared_population!$G:$G,prepared_population!$B:$B,$A22,prepared_population!$F:$F,">=15",prepared_population!$F:$F,"<=64") | H22: =SUMIFS(prepared_population!$G:$G,prepared_population!$B:$B,$A22,prepared_population!$F:$F,">=65") | I22: =prepared_housing!D652 | J22: =prepared_housing!E652 | K22: =prepared_housing!F652 | L22: =prepared_surface!D652 | M22: Població i habitatge: 2021; superfície: publicació 2025, amb compatibilitat territorial pendent de revisió explícita
A23: =prepared_codes!B179 | B23: =prepared_codes!C179 | C23: =prepared_codes!D179 | D23: =prepared_codes!E179 | E23: =SUMIFS(prepared_population!$G:$G,prepared_population!$B:$B,$A23,prepared_population!$D:$D,"TOTAL") | F23: =SUMIFS(prepared_population!$G:$G,prepared_population!$B:$B,$A23,prepared_population!$F:$F,">=0",prepared_population!$F:$F,"<=14") | G23: =SUMIFS(prepared_population!$G:$G,prepared_population!$B:$B,$A23,prepared_population!$F:$F,">=15",prepared_population!$F:$F,"<=64") | H23: =SUMIFS(prepared_population!$G:$G,prepared_population!$B:$B,$A23,prepared_population!$F:$F,">=65") | I23: =prepared_housing!D179 | J23: =prepared_housing!E179 | K23: =prepared_housing!F179 | L23: =prepared_surface!D179 | M23: Població i habitatge: 2021; superfície: publicació 2025, amb compatibilitat territorial pendent de revisió explícita

Sheet pivot_county_control
A1: Filtrar
A3: county_name | B3: Suma - municipality_code
A4: Alt Camp
A5: Alt Empordà
A6: Alt Penedès
A7: Alt Urgell
A8: Alta Ribagorça
A9: Anoia
A10: Aran
A11: Bages
A12: Baix Camp
A13: Baix Ebre
A14: Baix Empordà
A15: Baix Llobregat
... A47: Total Resultado

Sheet indicators_demography
A1: municipality_code | B1: municipality_name | C1: population_total | D1: population_0_14 | E1: population_65_plus | F1: surface_km2 | G1: population_0_14_pct | H1: population_65_plus_pct | I1: ageing_index_per_100_young | J1: population_density_hab_km2
A2: =municipal!A2 | B2: =municipal!B2 | C2: =municipal!E2 | D2: =municipal!F2 | E2: =municipal!H2 | F2: =municipal!L2 | G2: =IF(AND(ISNUMBER(D2),ISNUMBER(C2),C2>0),D2/C2*100,NA()) | H2: =IF(AND(ISNUMBER(E2),ISNUMBER(C2),C2>0),E2/C2*100,NA()) | I2: =IF(AND(ISNUMBER(E2),ISNUMBER(D2),D2>0),E2/D2*100,NA()) | J2: =IF(AND(ISNUMBER(C2),ISNUMBER(F2),F2>0),C2/F2,NA())
A3: =municipal!A3 | B3: =municipal!B3 | C3: =municipal!E3 | D3: =municipal!F3 | E3: =municipal!H3 | F3: =municipal!L3 | G3: =IF(AND(ISNUMBER(D3),ISNUMBER(C3),C3>0),D3/C3*100,NA()) | H3: =IF(AND(ISNUMBER(E3),ISNUMBER(C3),C3>0),E3/C3*100,NA()) | I3: =IF(AND(ISNUMBER(E3),ISNUMBER(D3),D3>0),E3/D3*100,NA()) | J3: =IF(AND(ISNUMBER(C3),ISNUMBER(F3),F3>0),C3/F3,NA())
A4: =municipal!A4 | B4: =municipal!B4 | C4: =municipal!E4 | D4: =municipal!F4 | E4: =municipal!H4 | F4: =municipal!L4 | G4: =IF(AND(ISNUMBER(D4),ISNUMBER(C4),C4>0),D4/C4*100,NA()) | H4: =IF(AND(ISNUMBER(E4),ISNUMBER(C4),C4>0),E4/C4*100,NA()) | I4: =IF(AND(ISNUMBER(E4),ISNUMBER(D4),D4>0),E4/D4*100,NA()) | J4: =IF(AND(ISNUMBER(C4),ISNUMBER(F4),F4>0),C4/F4,NA())
A5: =municipal!A5 | B5: =municipal!B5 | C5: =municipal!E5 | D5: =municipal!F5 | E5: =municipal!H5 | F5: =municipal!L5 | G5: =IF(AND(ISNUMBER(D5),ISNUMBER(C5),C5>0),D5/C5*100,NA()) | H5: =IF(AND(ISNUMBER(E5),ISNUMBER(C5),C5>0),E5/C5*100,NA()) | I5: =IF(AND(ISNUMBER(E5),ISNUMBER(D5),D5>0),E5/D5*100,NA()) | J5: =IF(AND(ISNUMBER(C5),ISNUMBER(F5),F5>0),C5/F5,NA())
A6: =municipal!A6 | B6: =municipal!B6 | C6: =municipal!E6 | D6: =municipal!F6 | E6: =municipal!H6 | F6: =municipal!L6 | G6: =IF(AND(ISNUMBER(D6),ISNUMBER(C6),C6>0),D6/C6*100,NA()) | H6: =IF(AND(ISNUMBER(E6),ISNUMBER(C6),C6>0),E6/C6*100,NA()) | I6: =IF(AND(ISNUMBER(E6),ISNUMBER(D6),D6>0),E6/D6*100,NA()) | J6: =IF(AND(ISNUMBER(C6),ISNUMBER(F6),F6>0),C6/F6,NA())
A7: =municipal!A7 | B7: =municipal!B7 | C7: =municipal!E7 | D7: =municipal!F7 | E7: =municipal!H7 | F7: =municipal!L7 | G7: =IF(AND(ISNUMBER(D7),ISNUMBER(C7),C7>0),D7/C7*100,NA()) | H7: =IF(AND(ISNUMBER(E7),ISNUMBER(C7),C7>0),E7/C7*100,NA()) | I7: =IF(AND(ISNUMBER(E7),ISNUMBER(D7),D7>0),E7/D7*100,NA()) | J7: =IF(AND(ISNUMBER(C7),ISNUMBER(F7),F7>0),C7/F7,NA())
A8: =municipal!A8 | B8: =municipal!B8 | C8: =municipal!E8 | D8: =municipal!F8 | E8: =municipal!H8 | F8: =municipal!L8 | G8: =IF(AND(ISNUMBER(D8),ISNUMBER(C8),C8>0),D8/C8*100,NA()) | H8: =IF(AND(ISNUMBER(E8),ISNUMBER(C8),C8>0),E8/C8*100,NA()) | I8: =IF(AND(ISNUMBER(E8),ISNUMBER(D8),D8>0),E8/D8*100,NA()) | J8: =IF(AND(ISNUMBER(C8),ISNUMBER(F8),F8>0),C8/F8,NA())
A9: =municipal!A9 | B9: =municipal!B9 | C9: =municipal!E9 | D9: =municipal!F9 | E9: =municipal!H9 | F9: =municipal!L9 | G9: =IF(AND(ISNUMBER(D9),ISNUMBER(C9),C9>0),D9/C9*100,NA()) | H9: =IF(AND(ISNUMBER(E9),ISNUMBER(C9),C9>0),E9/C9*100,NA()) | I9: =IF(AND(ISNUMBER(E9),ISNUMBER(D9),D9>0),E9/D9*100,NA()) | J9: =IF(AND(ISNUMBER(C9),ISNUMBER(F9),F9>0),C9/F9,NA())
A10: =municipal!A10 | B10: =municipal!B10 | C10: =municipal!E10 | D10: =municipal!F10 | E10: =municipal!H10 | F10: =municipal!L10 | G10: =IF(AND(ISNUMBER(D10),ISNUMBER(C10),C10>0),D10/C10*100,NA()) | H10: =IF(AND(ISNUMBER(E10),ISNUMBER(C10),C10>0),E10/C10*100,NA()) | I10: =IF(AND(ISNUMBER(E10),ISNUMBER(D10),D10>0),E10/D10*100,NA()) | J10: =IF(AND(ISNUMBER(C10),ISNUMBER(F10),F10>0),C10/F10,NA())
A11: =municipal!A11 | B11: =municipal!B11 | C11: =municipal!E11 | D11: =municipal!F11 | E11: =municipal!H11 | F11: =municipal!L11 | G11: =IF(AND(ISNUMBER(D11),ISNUMBER(C11),C11>0),D11/C11*100,NA()) | H11: =IF(AND(ISNUMBER(E11),ISNUMBER(C11),C11>0),E11/C11*100,NA()) | I11: =IF(AND(ISNUMBER(E11),ISNUMBER(D11),D11>0),E11/D11*100,NA()) | J11: =IF(AND(ISNUMBER(C11),ISNUMBER(F11),F11>0),C11/F11,NA())
A12: =municipal!A12 | B12: =municipal!B12 | C12: =municipal!E12 | D12: =municipal!F12 | E12: =municipal!H12 | F12: =municipal!L12 | G12: =IF(AND(ISNUMBER(D12),ISNUMBER(C12),C12>0),D12/C12*100,NA()) | H12: =IF(AND(ISNUMBER(E12),ISNUMBER(C12),C12>0),E12/C12*100,NA()) | I12: =IF(AND(ISNUMBER(E12),ISNUMBER(D12),D12>0),E12/D12*100,NA()) | J12: =IF(AND(ISNUMBER(C12),ISNUMBER(F12),F12>0),C12/F12,NA())
A13: =municipal!A13 | B13: =municipal!B13 | C13: =municipal!E13 | D13: =municipal!F13 | E13: =municipal!H13 | F13: =municipal!L13 | G13: =IF(AND(ISNUMBER(D13),ISNUMBER(C13),C13>0),D13/C13*100,NA()) | H13: =IF(AND(ISNUMBER(E13),ISNUMBER(C13),C13>0),E13/C13*100,NA()) | I13: =IF(AND(ISNUMBER(E13),ISNUMBER(D13),D13>0),E13/D13*100,NA()) | J13: =IF(AND(ISNUMBER(C13),ISNUMBER(F13),F13>0),C13/F13,NA())
... A23: =municipal!A23 | B23: =municipal!B23 | C23: =municipal!E23 | D23: =municipal!F23 | E23: =municipal!H23 | F23: =municipal!L23 | G23: =IF(AND(ISNUMBER(D23),ISNUMBER(C23),C23>0),D23/C23*100,NA()) | H23: =IF(AND(ISNUMBER(E23),ISNUMBER(C23),C23>0),E23/C23*100,NA()) | I23: =IF(AND(ISNUMBER(E23),ISNUMBER(D23),D23>0),E23/D23*100,NA()) | J23: =IF(AND(ISNUMBER(C23),ISNUMBER(F23),F23>0),C23/F23,NA())

Sheet indicators_housing
A1: municipality_code | B1: municipality_name | C1: population_total | D1: housing_total | E1: housing_main | F1: housing_non_main | G1: housing_non_main_pct | H1: residents_per_housing_main
A2: =municipal!A2 | B2: =municipal!B2 | C2: =municipal!E2 | D2: =municipal!I2 | E2: =municipal!J2 | F2: =municipal!K2 | G2: =IF(AND(ISNUMBER(F2),ISNUMBER(D2),D2>0),F2/D2*100,NA()) | H2: =IF(AND(ISNUMBER(C2),ISNUMBER(E2),E2>0),C2/E2,NA())
A3: =municipal!A3 | B3: =municipal!B3 | C3: =municipal!E3 | D3: =municipal!I3 | E3: =municipal!J3 | F3: =municipal!K3 | G3: =IF(AND(ISNUMBER(F3),ISNUMBER(D3),D3>0),F3/D3*100,NA()) | H3: =IF(AND(ISNUMBER(C3),ISNUMBER(E3),E3>0),C3/E3,NA())
A4: =municipal!A4 | B4: =municipal!B4 | C4: =municipal!E4 | D4: =municipal!I4 | E4: =municipal!J4 | F4: =municipal!K4 | G4: =IF(AND(ISNUMBER(F4),ISNUMBER(D4),D4>0),F4/D4*100,NA()) | H4: =IF(AND(ISNUMBER(C4),ISNUMBER(E4),E4>0),C4/E4,NA())
A5: =municipal!A5 | B5: =municipal!B5 | C5: =municipal!E5 | D5: =municipal!I5 | E5: =municipal!J5 | F5: =municipal!K5 | G5: =IF(AND(ISNUMBER(F5),ISNUMBER(D5),D5>0),F5/D5*100,NA()) | H5: =IF(AND(ISNUMBER(C5),ISNUMBER(E5),E5>0),C5/E5,NA())
A6: =municipal!A6 | B6: =municipal!B6 | C6: =municipal!E6 | D6: =municipal!I6 | E6: =municipal!J6 | F6: =municipal!K6 | G6: =IF(AND(ISNUMBER(F6),ISNUMBER(D6),D6>0),F6/D6*100,NA()) | H6: =IF(AND(ISNUMBER(C6),ISNUMBER(E6),E6>0),C6/E6,NA())
A7: =municipal!A7 | B7: =municipal!B7 | C7: =municipal!E7 | D7: =municipal!I7 | E7: =municipal!J7 | F7: =municipal!K7 | G7: =IF(AND(ISNUMBER(F7),ISNUMBER(D7),D7>0),F7/D7*100,NA()) | H7: =IF(AND(ISNUMBER(C7),ISNUMBER(E7),E7>0),C7/E7,NA())
A8: =municipal!A8 | B8: =municipal!B8 | C8: =municipal!E8 | D8: =municipal!I8 | E8: =municipal!J8 | F8: =municipal!K8 | G8: =IF(AND(ISNUMBER(F8),ISNUMBER(D8),D8>0),F8/D8*100,NA()) | H8: =IF(AND(ISNUMBER(C8),ISNUMBER(E8),E8>0),C8/E8,NA())
A9: =municipal!A9 | B9: =municipal!B9 | C9: =municipal!E9 | D9: =municipal!I9 | E9: =municipal!J9 | F9: =municipal!K9 | G9: =IF(AND(ISNUMBER(F9),ISNUMBER(D9),D9>0),F9/D9*100,NA()) | H9: =IF(AND(ISNUMBER(C9),ISNUMBER(E9),E9>0),C9/E9,NA())
A10: =municipal!A10 | B10: =municipal!B10 | C10: =municipal!E10 | D10: =municipal!I10 | E10: =municipal!J10 | F10: =municipal!K10 | G10: =IF(AND(ISNUMBER(F10),ISNUMBER(D10),D10>0),F10/D10*100,NA()) | H10: =IF(AND(ISNUMBER(C10),ISNUMBER(E10),E10>0),C10/E10,NA())
A11: =municipal!A11 | B11: =municipal!B11 | C11: =municipal!E11 | D11: =municipal!I11 | E11: =municipal!J11 | F11: =municipal!K11 | G11: =IF(AND(ISNUMBER(F11),ISNUMBER(D11),D11>0),F11/D11*100,NA()) | H11: =IF(AND(ISNUMBER(C11),ISNUMBER(E11),E11>0),C11/E11,NA())
A12: =municipal!A12 | B12: =municipal!B12 | C12: =municipal!E12 | D12: =municipal!I12 | E12: =municipal!J12 | F12: =municipal!K12 | G12: =IF(AND(ISNUMBER(F12),ISNUMBER(D12),D12>0),F12/D12*100,NA()) | H12: =IF(AND(ISNUMBER(C12),ISNUMBER(E12),E12>0),C12/E12,NA())
A13: =municipal!A13 | B13: =municipal!B13 | C13: =municipal!E13 | D13: =municipal!I13 | E13: =municipal!J13 | F13: =municipal!K13 | G13: =IF(AND(ISNUMBER(F13),ISNUMBER(D13),D13>0),F13/D13*100,NA()) | H13: =IF(AND(ISNUMBER(C13),ISNUMBER(E13),E13>0),C13/E13,NA())
... A23: =municipal!A23 | B23: =municipal!B23 | C23: =municipal!E23 | D23: =municipal!I23 | E23: =municipal!J23 | F23: =municipal!K23 | G23: =IF(AND(ISNUMBER(F23),ISNUMBER(D23),D23>0),F23/D23*100,NA()) | H23: =IF(AND(ISNUMBER(C23),ISNUMBER(E23),E23>0),C23/E23,NA())

Sheet indicators_summary
A1: indicator | B1: numerator_total | C1: denominator_total | D1: scale_factor | E1: aggregate_value | F1: unit
A2: county_population_total | B2: =SUM(indicators_demography!C2:C23) | D2: 1 | E2: =B2 | F2: persones
A3: county_housing_total | B3: =SUM(indicators_housing!D2:D23) | D3: 1 | E3: =B3 | F3: habitatges
A4: county_population_0_14_pct | B4: =SUM(indicators_demography!D2:D23) | C4: =SUM(indicators_demography!C2:C23) | D4: 100 | E4: =IF(C4>0,B4/C4*D4,NA()) | F4: %
A5: county_population_65_plus_pct | B5: =SUM(indicators_demography!E2:E23) | C5: =SUM(indicators_demography!C2:C23) | D5: 100 | E5: =IF(C5>0,B5/C5*D5,NA()) | F5: %
A6: county_ageing_index | B6: =SUM(indicators_demography!E2:E23) | C6: =SUM(indicators_demography!D2:D23) | D6: 100 | E6: =IF(C6>0,B6/C6*D6,NA()) | F6: persones de 65+ per 100 de 0–14
A7: county_population_density | B7: =SUM(indicators_demography!C2:C23) | C7: =SUM(indicators_demography!F2:F23) | D7: 1 | E7: =IF(C7>0,B7/C7,NA()) | F7: habitants/km²
A8: county_housing_non_main_pct | B8: =SUM(indicators_housing!F2:F23) | C8: =SUM(indicators_housing!D2:D23) | D8: 100 | E8: =IF(C8>0,B8/C8*D8,NA()) | F8: %
A9: county_residents_per_housing_main | B9: =SUM(indicators_housing!C2:C23) | C9: =SUM(indicators_housing!E2:E23) | D9: 1 | E9: =IF(C9>0,B9/C9,NA()) | F9: residents/habitatge principal

Sheet source_population_time
A1: year | B1: municipality_code | C1: municipality | D1: population | E1: table_id | F1: source | G1: source_url
A2: 2000 | B2: 431711 | C2: Vila-seca | D2: 13133 | E2: 1063 | F2: Idescat, a partir del Padró continu de l'INE. | G2: https://api.idescat.cat/taules/v2/pmh/1180/1063/mun/data?lang=ca&MUN=431711&SEX=TOTAL&AGE=TOTAL
A3: 2001 | B3: 431711 | C3: Vila-seca | D3: 13420.0 | E3: 1063 | F3: Idescat, a partir del Padró continu de l'INE. | G3: https://api.idescat.cat/taules/v2/pmh/1180/1063/mun/data?lang=ca&MUN=431711&SEX=TOTAL&AGE=TOTAL
A4: 2002 | B4: 431711 | C4: Vila-seca | D4: 13927 | E4: 1063 | F4: Idescat, a partir del Padró continu de l'INE. | G4: https://api.idescat.cat/taules/v2/pmh/1180/1063/mun/data?lang=ca&MUN=431711&SEX=TOTAL&AGE=TOTAL
A5: 2003 | B5: 431711 | C5: Vila-seca | D5: 14377 | E5: 1063 | F5: Idescat, a partir del Padró continu de l'INE. | G5: https://api.idescat.cat/taules/v2/pmh/1180/1063/mun/data?lang=ca&MUN=431711&SEX=TOTAL&AGE=TOTAL
A6: 2004 | B6: 431711 | C6: Vila-seca | D6: 14998 | E6: 1063 | F6: Idescat, a partir del Padró continu de l'INE. | G6: https://api.idescat.cat/taules/v2/pmh/1180/1063/mun/data?lang=ca&MUN=431711&SEX=TOTAL&AGE=TOTAL
A7: 2005 | B7: 431711 | C7: Vila-seca | D7: 15875 | E7: 1063 | F7: Idescat, a partir del Padró continu de l'INE. | G7: https://api.idescat.cat/taules/v2/pmh/1180/1063/mun/data?lang=ca&MUN=431711&SEX=TOTAL&AGE=TOTAL
A8: 2006 | B8: 431711 | C8: Vila-seca | D8: 17305 | E8: 1063 | F8: Idescat, a partir del Padró continu de l'INE. | G8: https://api.idescat.cat/taules/v2/pmh/1180/1063/mun/data?lang=ca&MUN=431711&SEX=TOTAL&AGE=TOTAL
A9: 2007 | B9: 431711 | C9: Vila-seca | D9: 18678 | E9: 1063 | F9: Idescat, a partir del Padró continu de l'INE. | G9: https://api.idescat.cat/taules/v2/pmh/1180/1063/mun/data?lang=ca&MUN=431711&SEX=TOTAL&AGE=TOTAL
A10: 2008 | B10: 431711 | C10: Vila-seca | D10: 20039 | E10: 1063 | F10: Idescat, a partir del Padró continu de l'INE. | G10: https://api.idescat.cat/taules/v2/pmh/1180/1063/mun/data?lang=ca&MUN=431711&SEX=TOTAL&AGE=TOTAL
A11: 2009 | B11: 431711 | C11: Vila-seca | D11: 20866 | E11: 1063 | F11: Idescat, a partir del Padró continu de l'INE. | G11: https://api.idescat.cat/taules/v2/pmh/1180/1063/mun/data?lang=ca&MUN=431711&SEX=TOTAL&AGE=TOTAL
A12: 2010 | B12: 431711 | C12: Vila-seca | D12: 21373 | E12: 1063 | F12: Idescat, a partir del Padró continu de l'INE. | G12: https://api.idescat.cat/taules/v2/pmh/1180/1063/mun/data?lang=ca&MUN=431711&SEX=TOTAL&AGE=TOTAL
... A24: 2022 | B24: 431711 | C24: Vila-seca | D24: 22681 | E24: 8078 | F24: Idescat, a partir del Padró continu de l'INE. | G24: https://api.idescat.cat/taules/v2/pmh/1180/8078/mun/data?lang=ca&MUN=431711&SEX=TOTAL&AGE=TOTAL

Sheet prepared_population_time
A1: Any | B1: Població | C1: Canvi anual | D1: Canvi anual (%) | E1: Etiqueta biennal
A2: 2000 | B2: 13133 | E2: =IF(OR(MOD(A2,2)=0,A2=2022),A2,"")
A3: 2001 | B3: 13420 | C3: =B3-B2 | D3: =IF(B2>0,(B3/B2-1)*100,NA()) | E3: =IF(OR(MOD(A3,2)=0,A3=2022),A3,"")
A4: 2002 | B4: 13927 | C4: =B4-B3 | D4: =IF(B3>0,(B4/B3-1)*100,NA()) | E4: =IF(OR(MOD(A4,2)=0,A4=2022),A4,"")
A5: 2003 | B5: 14377 | C5: =B5-B4 | D5: =IF(B4>0,(B5/B4-1)*100,NA()) | E5: =IF(OR(MOD(A5,2)=0,A5=2022),A5,"")
A6: 2004 | B6: 14998 | C6: =B6-B5 | D6: =IF(B5>0,(B6/B5-1)*100,NA()) | E6: =IF(OR(MOD(A6,2)=0,A6=2022),A6,"")
A7: 2005 | B7: 15875 | C7: =B7-B6 | D7: =IF(B6>0,(B7/B6-1)*100,NA()) | E7: =IF(OR(MOD(A7,2)=0,A7=2022),A7,"")
A8: 2006 | B8: 17305 | C8: =B8-B7 | D8: =IF(B7>0,(B8/B7-1)*100,NA()) | E8: =IF(OR(MOD(A8,2)=0,A8=2022),A8,"")
A9: 2007 | B9: 18678 | C9: =B9-B8 | D9: =IF(B8>0,(B9/B8-1)*100,NA()) | E9: =IF(OR(MOD(A9,2)=0,A9=2022),A9,"")
A10: 2008 | B10: 20039 | C10: =B10-B9 | D10: =IF(B9>0,(B10/B9-1)*100,NA()) | E10: =IF(OR(MOD(A10,2)=0,A10=2022),A10,"")
A11: 2009 | B11: 20866 | C11: =B11-B10 | D11: =IF(B10>0,(B11/B10-1)*100,NA()) | E11: =IF(OR(MOD(A11,2)=0,A11=2022),A11,"")
A12: 2010 | B12: 21373 | C12: =B12-B11 | D12: =IF(B11>0,(B12/B11-1)*100,NA()) | E12: =IF(OR(MOD(A12,2)=0,A12=2022),A12,"")
A13: 2011 | B13: 21839 | C13: =B13-B12 | D13: =IF(B12>0,(B13/B12-1)*100,NA()) | E13: =IF(OR(MOD(A13,2)=0,A13=2022),A13,"")
A14: 2012 | B14: 22052 | C14: =B14-B13 | D14: =IF(B13>0,(B14/B13-1)*100,NA()) | E14: =IF(OR(MOD(A14,2)=0,A14=2022),A14,"")
... A24: 2022 | B24: 22681 | C24: =B24-B23 | D24: =IF(B23>0,(B24/B23-1)*100,NA()) | E24: =IF(OR(MOD(A24,2)=0,A24=2022),A24,"")

Sheet source_population_pyramid
A1: year | B1: municipality_code | C1: municipality | D1: age_code | E1: age_label | F1: age_years | G1: sex | H1: population | I1: source_url
A2: 2021 | B2: 431711 | C2: Vila-seca | D2: Y000 | E2: 0 anys | F2: 0 | G2: M | H2: 103 | I2: https://api.idescat.cat/taules/v2/censph/10/5975/mun/data?lang=ca&YEAR=2021&MUN=431711&SEX=M,F
A3: 2021 | B3: 431711 | C3: Vila-seca | D3: Y000 | E3: 0 anys | F3: 0 | G3: F | H3: 98 | I3: https://api.idescat.cat/taules/v2/censph/10/5975/mun/data?lang=ca&YEAR=2021&MUN=431711&SEX=M,F
A4: 2021 | B4: 431711 | C4: Vila-seca | D4: Y001 | E4: 1 any | F4: 1 | G4: M | H4: 113 | I4: https://api.idescat.cat/taules/v2/censph/10/5975/mun/data?lang=ca&YEAR=2021&MUN=431711&SEX=M,F
A5: 2021 | B5: 431711 | C5: Vila-seca | D5: Y001 | E5: 1 any | F5: 1 | G5: F | H5: 87 | I5: https://api.idescat.cat/taules/v2/censph/10/5975/mun/data?lang=ca&YEAR=2021&MUN=431711&SEX=M,F
A6: 2021 | B6: 431711 | C6: Vila-seca | D6: Y002 | E6: 2 anys | F6: 2 | G6: M | H6: 125 | I6: https://api.idescat.cat/taules/v2/censph/10/5975/mun/data?lang=ca&YEAR=2021&MUN=431711&SEX=M,F
A7: 2021 | B7: 431711 | C7: Vila-seca | D7: Y002 | E7: 2 anys | F7: 2 | G7: F | H7: 116 | I7: https://api.idescat.cat/taules/v2/censph/10/5975/mun/data?lang=ca&YEAR=2021&MUN=431711&SEX=M,F
A8: 2021 | B8: 431711 | C8: Vila-seca | D8: Y003 | E8: 3 anys | F8: 3 | G8: M | H8: 127 | I8: https://api.idescat.cat/taules/v2/censph/10/5975/mun/data?lang=ca&YEAR=2021&MUN=431711&SEX=M,F
A9: 2021 | B9: 431711 | C9: Vila-seca | D9: Y003 | E9: 3 anys | F9: 3 | G9: F | H9: 124 | I9: https://api.idescat.cat/taules/v2/censph/10/5975/mun/data?lang=ca&YEAR=2021&MUN=431711&SEX=M,F
A10: 2021 | B10: 431711 | C10: Vila-seca | D10: Y004 | E10: 4 anys | F10: 4 | G10: M | H10: 133 | I10: https://api.idescat.cat/taules/v2/censph/10/5975/mun/data?lang=ca&YEAR=2021&MUN=431711&SEX=M,F
A11: 2021 | B11: 431711 | C11: Vila-seca | D11: Y004 | E11: 4 anys | F11: 4 | G11: F | H11: 134 | I11: https://api.idescat.cat/taules/v2/censph/10/5975/mun/data?lang=ca&YEAR=2021&MUN=431711&SEX=M,F
A12: 2021 | B12: 431711 | C12: Vila-seca | D12: Y005 | E12: 5 anys | F12: 5 | G12: M | H12: 138 | I12: https://api.idescat.cat/taules/v2/censph/10/5975/mun/data?lang=ca&YEAR=2021&MUN=431711&SEX=M,F
... A203: 2021 | B203: 431711 | C203: Vila-seca | D203: Y_GE100 | E203: 100 anys o més | F203: 100 | G203: F | H203: 3 | I203: https://api.idescat.cat/taules/v2/censph/10/5975/mun/data?lang=ca&YEAR=2021&MUN=431711&SEX=M,F

Sheet prepared_population_pyramid
A1: year | B1: age_years | C1: sex | D1: population
A2: 2021 | B2: 0 | C2: M | D2: 103
A3: 2021 | B3: 0 | C3: F | D3: 98
A4: 2021 | B4: 1 | C4: M | D4: 113
A5: 2021 | B5: 1 | C5: F | D5: 87
A6: 2021 | B6: 2 | C6: M | D6: 125
A7: 2021 | B7: 2 | C7: F | D7: 116
A8: 2021 | B8: 3 | C8: M | D8: 127
A9: 2021 | B9: 3 | C9: F | D9: 124
A10: 2021 | B10: 4 | C10: M | D10: 133
A11: 2021 | B11: 4 | C11: F | D11: 134
A12: 2021 | B12: 5 | C12: M | D12: 138
A13: 2021 | B13: 5 | C13: F | D13: 159
... A203: 2021 | B203: 100 | C203: F | D203: 3

Sheet pivot_population_age_sex
A1: Filtrar
A3: Suma - population | B3: sex
A4: age_years | B4: F | C4: M | D4: Total Resultado
A5: 0 | B5: 98 | C5: 103 | D5: 201
A6: 1 | B6: 87 | C6: 113 | D6: 200
A7: 2 | B7: 116 | C7: 125 | D7: 241
A8: 3 | B8: 124 | C8: 127 | D8: 251
A9: 4 | B9: 134 | C9: 133 | D9: 267
A10: 5 | B10: 159 | C10: 138 | D10: 297
A11: 6 | B11: 150 | C11: 183 | D11: 333
A12: 7 | B12: 142 | C12: 155 | D12: 297
A13: 8 | B13: 138 | C13: 134 | D13: 272
A14: 9 | B14: 146 | C14: 170 | D14: 316
A15: 10 | B15: 153 | C15: 159 | D15: 312
A16: 11 | B16: 147 | C16: 170 | D16: 317
... A105: 100 | B105: 3 | C105: 1 | D105: 4
A106: Total Resultado | B106: 11338 | C106: 11443 | D106: 22781

Sheet pyramid_data
A1: Grup d'edat | B1: Edat inicial | C1: Edat final | D1: Homes | E1: Dones
A2: 0-4 | B2: 0 | C2: 4 | D2: =-SUMIFS(prepared_population_pyramid!$D:$D,prepared_population_pyramid!$C:$C,"M",prepared_population_pyramid!$B:$B,">="&B2,prepared_population_pyramid!$B:$B,"<="&C2) | E2: =SUMIFS(prepared_population_pyramid!$D:$D,prepared_population_pyramid!$C:$C,"F",prepared_population_pyramid!$B:$B,">="&B2,prepared_population_pyramid!$B:$B,"<="&C2)
A3: 5-9 | B3: 5 | C3: 9 | D3: =-SUMIFS(prepared_population_pyramid!$D:$D,prepared_population_pyramid!$C:$C,"M",prepared_population_pyramid!$B:$B,">="&B3,prepared_population_pyramid!$B:$B,"<="&C3) | E3: =SUMIFS(prepared_population_pyramid!$D:$D,prepared_population_pyramid!$C:$C,"F",prepared_population_pyramid!$B:$B,">="&B3,prepared_population_pyramid!$B:$B,"<="&C3)
A4: 10-14 | B4: 10 | C4: 14 | D4: =-SUMIFS(prepared_population_pyramid!$D:$D,prepared_population_pyramid!$C:$C,"M",prepared_population_pyramid!$B:$B,">="&B4,prepared_population_pyramid!$B:$B,"<="&C4) | E4: =SUMIFS(prepared_population_pyramid!$D:$D,prepared_population_pyramid!$C:$C,"F",prepared_population_pyramid!$B:$B,">="&B4,prepared_population_pyramid!$B:$B,"<="&C4)
A5: 15-19 | B5: 15 | C5: 19 | D5: =-SUMIFS(prepared_population_pyramid!$D:$D,prepared_population_pyramid!$C:$C,"M",prepared_population_pyramid!$B:$B,">="&B5,prepared_population_pyramid!$B:$B,"<="&C5) | E5: =SUMIFS(prepared_population_pyramid!$D:$D,prepared_population_pyramid!$C:$C,"F",prepared_population_pyramid!$B:$B,">="&B5,prepared_population_pyramid!$B:$B,"<="&C5)
A6: 20-24 | B6: 20 | C6: 24 | D6: =-SUMIFS(prepared_population_pyramid!$D:$D,prepared_population_pyramid!$C:$C,"M",prepared_population_pyramid!$B:$B,">="&B6,prepared_population_pyramid!$B:$B,"<="&C6) | E6: =SUMIFS(prepared_population_pyramid!$D:$D,prepared_population_pyramid!$C:$C,"F",prepared_population_pyramid!$B:$B,">="&B6,prepared_population_pyramid!$B:$B,"<="&C6)
A7: 25-29 | B7: 25 | C7: 29 | D7: =-SUMIFS(prepared_population_pyramid!$D:$D,prepared_population_pyramid!$C:$C,"M",prepared_population_pyramid!$B:$B,">="&B7,prepared_population_pyramid!$B:$B,"<="&C7) | E7: =SUMIFS(prepared_population_pyramid!$D:$D,prepared_population_pyramid!$C:$C,"F",prepared_population_pyramid!$B:$B,">="&B7,prepared_population_pyramid!$B:$B,"<="&C7)
A8: 30-34 | B8: 30 | C8: 34 | D8: =-SUMIFS(prepared_population_pyramid!$D:$D,prepared_population_pyramid!$C:$C,"M",prepared_population_pyramid!$B:$B,">="&B8,prepared_population_pyramid!$B:$B,"<="&C8) | E8: =SUMIFS(prepared_population_pyramid!$D:$D,prepared_population_pyramid!$C:$C,"F",prepared_population_pyramid!$B:$B,">="&B8,prepared_population_pyramid!$B:$B,"<="&C8)
A9: 35-39 | B9: 35 | C9: 39 | D9: =-SUMIFS(prepared_population_pyramid!$D:$D,prepared_population_pyramid!$C:$C,"M",prepared_population_pyramid!$B:$B,">="&B9,prepared_population_pyramid!$B:$B,"<="&C9) | E9: =SUMIFS(prepared_population_pyramid!$D:$D,prepared_population_pyramid!$C:$C,"F",prepared_population_pyramid!$B:$B,">="&B9,prepared_population_pyramid!$B:$B,"<="&C9)
A10: 40-44 | B10: 40 | C10: 44 | D10: =-SUMIFS(prepared_population_pyramid!$D:$D,prepared_population_pyramid!$C:$C,"M",prepared_population_pyramid!$B:$B,">="&B10,prepared_population_pyramid!$B:$B,"<="&C10) | E10: =SUMIFS(prepared_population_pyramid!$D:$D,prepared_population_pyramid!$C:$C,"F",prepared_population_pyramid!$B:$B,">="&B10,prepared_population_pyramid!$B:$B,"<="&C10)
A11: 45-49 | B11: 45 | C11: 49 | D11: =-SUMIFS(prepared_population_pyramid!$D:$D,prepared_population_pyramid!$C:$C,"M",prepared_population_pyramid!$B:$B,">="&B11,prepared_population_pyramid!$B:$B,"<="&C11) | E11: =SUMIFS(prepared_population_pyramid!$D:$D,prepared_population_pyramid!$C:$C,"F",prepared_population_pyramid!$B:$B,">="&B11,prepared_population_pyramid!$B:$B,"<="&C11)
A12: 50-54 | B12: 50 | C12: 54 | D12: =-SUMIFS(prepared_population_pyramid!$D:$D,prepared_population_pyramid!$C:$C,"M",prepared_population_pyramid!$B:$B,">="&B12,prepared_population_pyramid!$B:$B,"<="&C12) | E12: =SUMIFS(prepared_population_pyramid!$D:$D,prepared_population_pyramid!$C:$C,"F",prepared_population_pyramid!$B:$B,">="&B12,prepared_population_pyramid!$B:$B,"<="&C12)
A13: 55-59 | B13: 55 | C13: 59 | D13: =-SUMIFS(prepared_population_pyramid!$D:$D,prepared_population_pyramid!$C:$C,"M",prepared_population_pyramid!$B:$B,">="&B13,prepared_population_pyramid!$B:$B,"<="&C13) | E13: =SUMIFS(prepared_population_pyramid!$D:$D,prepared_population_pyramid!$C:$C,"F",prepared_population_pyramid!$B:$B,">="&B13,prepared_population_pyramid!$B:$B,"<="&C13)
... A19: 85+ | B19: 85 | C19: 120 | D19: =-SUMIFS(prepared_population_pyramid!$D:$D,prepared_population_pyramid!$C:$C,"M",prepared_population_pyramid!$B:$B,">="&B19,prepared_population_pyramid!$B:$B,"<="&C19) | E19: =SUMIFS(prepared_population_pyramid!$D:$D,prepared_population_pyramid!$C:$C,"F",prepared_population_pyramid!$B:$B,">="&B19,prepared_population_pyramid!$B:$B,"<="&C19)

Sheet histogram_data
A1: Límit inferior | B1: Límit superior | C1: Interval (%) | D1: Municipis
A2: 0 | B2: 10 | C2: 0-10 | D2: =COUNTIFS(indicators_housing!$G$2:$G$23,">="&A2,indicators_housing!$G$2:$G$23,"<"&B2)
A3: 10 | B3: 20 | C3: 10-20 | D3: =COUNTIFS(indicators_housing!$G$2:$G$23,">="&A3,indicators_housing!$G$2:$G$23,"<"&B3)
A4: 20 | B4: 30 | C4: 20-30 | D4: =COUNTIFS(indicators_housing!$G$2:$G$23,">="&A4,indicators_housing!$G$2:$G$23,"<"&B4)
A5: 30 | B5: 40 | C5: 30-40 | D5: =COUNTIFS(indicators_housing!$G$2:$G$23,">="&A5,indicators_housing!$G$2:$G$23,"<"&B5)
A6: 40 | B6: 50 | C6: 40-50 | D6: =COUNTIFS(indicators_housing!$G$2:$G$23,">="&A6,indicators_housing!$G$2:$G$23,"<"&B6)
A7: 50 | B7: 60 | C7: 50-60 | D7: =COUNTIFS(indicators_housing!$G$2:$G$23,">="&A7,indicators_housing!$G$2:$G$23,"<"&B7)
A8: 60 | B8: 70 | C8: 60-70 | D8: =COUNTIFS(indicators_housing!$G$2:$G$23,">="&A8,indicators_housing!$G$2:$G$23,"<"&B8)

Sheet charts_data
A1: municipality_code | B1: municipality | C1: age_0_14_pct | D1: age_15_64_pct | E1: age_65_plus_pct | F1: age_sum_check | G1: housing_code | H1: housing_municipality | I1: housing_non_main_pct | J1: scatter_code | K1: scatter_municipality | L1: age_65_plus_pct_x | M1: housing_non_main_pct_y | O1: housing_type | P1: housing_count
A2: =indicators_demography!A10 | B2: =indicators_demography!B10 | C2: =indicators_demography!G10 | D2: =municipal!G10/municipal!E10*100 | E2: =indicators_demography!H10 | F2: =SUM(C2:E2) | G2: =indicators_housing!A14 | H2: =indicators_housing!B14 | I2: =indicators_housing!G14 | J2: =indicators_housing!A2 | K2: =indicators_housing!B2 | L2: =indicators_demography!H2 | M2: =indicators_housing!G2 | O2: Habitatges principals | P2: =SUM(indicators_housing!E2:E23)
A3: =indicators_demography!A12 | B3: =indicators_demography!B12 | C3: =indicators_demography!G12 | D3: =municipal!G12/municipal!E12*100 | E3: =indicators_demography!H12 | F3: =SUM(C3:E3) | G3: =indicators_housing!A22 | H3: =indicators_housing!B22 | I3: =indicators_housing!G22 | J3: =indicators_housing!A3 | K3: =indicators_housing!B3 | L3: =indicators_demography!H3 | M3: =indicators_housing!G3 | O3: Habitatges no principals | P3: =SUM(indicators_housing!F2:F23)
A4: =indicators_demography!A8 | B4: =indicators_demography!B8 | C4: =indicators_demography!G8 | D4: =municipal!G8/municipal!E8*100 | E4: =indicators_demography!H8 | F4: =SUM(C4:E4) | G4: =indicators_housing!A5 | H4: =indicators_housing!B5 | I4: =indicators_housing!G5 | J4: =indicators_housing!A4 | K4: =indicators_housing!B4 | L4: =indicators_demography!H4 | M4: =indicators_housing!G4
A5: =indicators_demography!A9 | B5: =indicators_demography!B9 | C5: =indicators_demography!G9 | D5: =municipal!G9/municipal!E9*100 | E5: =indicators_demography!H9 | F5: =SUM(C5:E5) | G5: =indicators_housing!A2 | H5: =indicators_housing!B2 | I5: =indicators_housing!G2 | J5: =indicators_housing!A5 | K5: =indicators_housing!B5 | L5: =indicators_demography!H5 | M5: =indicators_housing!G5
A6: =indicators_demography!A6 | B6: =indicators_demography!B6 | C6: =indicators_demography!G6 | D6: =municipal!G6/municipal!E6*100 | E6: =indicators_demography!H6 | F6: =SUM(C6:E6) | G6: =indicators_housing!A19 | H6: =indicators_housing!B19 | I6: =indicators_housing!G19 | J6: =indicators_housing!A6 | K6: =indicators_housing!B6 | L6: =indicators_demography!H6 | M6: =indicators_housing!G6
A7: =indicators_demography!A22 | B7: =indicators_demography!B22 | C7: =indicators_demography!G22 | D7: =municipal!G22/municipal!E22*100 | E7: =indicators_demography!H22 | F7: =SUM(C7:E7) | G7: =indicators_housing!A18 | H7: =indicators_housing!B18 | I7: =indicators_housing!G18 | J7: =indicators_housing!A7 | K7: =indicators_housing!B7 | L7: =indicators_demography!H7 | M7: =indicators_housing!G7
A8: =indicators_demography!A20 | B8: =indicators_demography!B20 | C8: =indicators_demography!G20 | D8: =municipal!G20/municipal!E20*100 | E8: =indicators_demography!H20 | F8: =SUM(C8:E8) | G8: =indicators_housing!A21 | H8: =indicators_housing!B21 | I8: =indicators_housing!G21 | J8: =indicators_housing!A8 | K8: =indicators_housing!B8 | L8: =indicators_demography!H8 | M8: =indicators_housing!G8
A9: =indicators_demography!A21 | B9: =indicators_demography!B21 | C9: =indicators_demography!G21 | D9: =municipal!G21/municipal!E21*100 | E9: =indicators_demography!H21 | F9: =SUM(C9:E9) | G9: =indicators_housing!A11 | H9: =indicators_housing!B11 | I9: =indicators_housing!G11 | J9: =indicators_housing!A9 | K9: =indicators_housing!B9 | L9: =indicators_demography!H9 | M9: =indicators_housing!G9
A10: =indicators_demography!A3 | B10: =indicators_demography!B3 | C10: =indicators_demography!G3 | D10: =municipal!G3/municipal!E3*100 | E10: =indicators_demography!H3 | F10: =SUM(C10:E10) | G10: =indicators_housing!A15 | H10: =indicators_housing!B15 | I10: =indicators_housing!G15 | J10: =indicators_housing!A10 | K10: =indicators_housing!B10 | L10: =indicators_demography!H10 | M10: =indicators_housing!G10
A11: =indicators_demography!A4 | B11: =indicators_demography!B4 | C11: =indicators_demography!G4 | D11: =municipal!G4/municipal!E4*100 | E11: =indicators_demography!H4 | F11: =SUM(C11:E11) | G11: =indicators_housing!A3 | H11: =indicators_housing!B3 | I11: =indicators_housing!G3 | J11: =indicators_housing!A11 | K11: =indicators_housing!B11 | L11: =indicators_demography!H11 | M11: =indicators_housing!G11
A12: =indicators_demography!A13 | B12: =indicators_demography!B13 | C12: =indicators_demography!G13 | D12: =municipal!G13/municipal!E13*100 | E12: =indicators_demography!H13 | F12: =SUM(C12:E12) | G12: =indicators_housing!A16 | H12: =indicators_housing!B16 | I12: =indicators_housing!G16 | J12: =indicators_housing!A12 | K12: =indicators_housing!B12 | L12: =indicators_demography!H12 | M12: =indicators_housing!G12
A13: =indicators_demography!A23 | B13: =indicators_demography!B23 | C13: =indicators_demography!G23 | D13: =municipal!G23/municipal!E23*100 | E13: =indicators_demography!H23 | F13: =SUM(C13:E13) | G13: =indicators_housing!A13 | H13: =indicators_housing!B13 | I13: =indicators_housing!G13 | J13: =indicators_housing!A13 | K13: =indicators_housing!B13 | L13: =indicators_demography!H13 | M13: =indicators_housing!G13
A14: =indicators_demography!A16 | B14: =indicators_demography!B16 | C14: =indicators_demography!G16 | D14: =municipal!G16/municipal!E16*100 | E14: =indicators_demography!H16 | F14: =SUM(C14:E14) | G14: =indicators_housing!A12 | H14: =indicators_housing!B12 | I14: =indicators_housing!G12 | J14: =indicators_housing!A14 | K14: =indicators_housing!B14 | L14: =indicators_demography!H14 | M14: =indicators_housing!G14
A15: =indicators_demography!A7 | B15: =indicators_demography!B7 | C15: =indicators_demography!G7 | D15: =municipal!G7/municipal!E7*100 | E15: =indicators_demography!H7 | F15: =SUM(C15:E15) | G15: =indicators_housing!A4 | H15: =indicators_housing!B4 | I15: =indicators_housing!G4 | J15: =indicators_housing!A15 | K15: =indicators_housing!B15 | L15: =indicators_demography!H15 | M15: =indicators_housing!G15
A16: =indicators_demography!A2 | B16: =indicators_demography!B2 | C16: =indicators_demography!G2 | D16: =municipal!G2/municipal!E2*100 | E16: =indicators_demography!H2 | F16: =SUM(C16:E16) | G16: =indicators_housing!A20 | H16: =indicators_housing!B20 | I16: =indicators_housing!G20 | J16: =indicators_housing!A16 | K16: =indicators_housing!B16 | L16: =indicators_demography!H16 | M16: =indicators_housing!G16
A17: =indicators_demography!A17 | B17: =indicators_demography!B17 | C17: =indicators_demography!G17 | D17: =municipal!G17/municipal!E17*100 | E17: =indicators_demography!H17 | F17: =SUM(C17:E17) | G17: =indicators_housing!A7 | H17: =indicators_housing!B7 | I17: =indicators_housing!G7 | J17: =indicators_housing!A17 | K17: =indicators_housing!B17 | L17: =indicators_demography!H17 | M17: =indicators_housing!G17
A18: =indicators_demography!A15 | B18: =indicators_demography!B15 | C18: =indicators_demography!G15 | D18: =municipal!G15/municipal!E15*100 | E18: =indicators_demography!H15 | F18: =SUM(C18:E18) | G18: =indicators_housing!A6 | H18: =indicators_housing!B6 | I18: =indicators_housing!G6 | J18: =indicators_housing!A18 | K18: =indicators_housing!B18 | L18: =indicators_demography!H18 | M18: =indicators_housing!G18
A19: =indicators_demography!A18 | B19: =indicators_demography!B18 | C19: =indicators_demography!G18 | D19: =municipal!G18/municipal!E18*100 | E19: =indicators_demography!H18 | F19: =SUM(C19:E19) | G19: =indicators_housing!A17 | H19: =indicators_housing!B17 | I19: =indicators_housing!G17 | J19: =indicators_housing!A19 | K19: =indicators_housing!B19 | L19: =indicators_demography!H19 | M19: =indicators_housing!G19
A20: =indicators_demography!A11 | B20: =indicators_demography!B11 | C20: =indicators_demography!G11 | D20: =municipal!G11/municipal!E11*100 | E20: =indicators_demography!H11 | F20: =SUM(C20:E20) | G20: =indicators_housing!A23 | H20: =indicators_housing!B23 | I20: =indicators_housing!G23 | J20: =indicators_housing!A20 | K20: =indicators_housing!B20 | L20: =indicators_demography!H20 | M20: =indicators_housing!G20
A21: =indicators_demography!A14 | B21: =indicators_demography!B14 | C21: =indicators_demography!G14 | D21: =municipal!G14/municipal!E14*100 | E21: =indicators_demography!H14 | F21: =SUM(C21:E21) | G21: =indicators_housing!A9 | H21: =indicators_housing!B9 | I21: =indicators_housing!G9 | J21: =indicators_housing!A21 | K21: =indicators_housing!B21 | L21: =indicators_demography!H21 | M21: =indicators_housing!G21
A22: =indicators_demography!A19 | B22: =indicators_demography!B19 | C22: =indicators_demography!G19 | D22: =municipal!G19/municipal!E19*100 | E22: =indicators_demography!H19 | F22: =SUM(C22:E22) | G22: =indicators_housing!A8 | H22: =indicators_housing!B8 | I22: =indicators_housing!G8 | J22: =indicators_housing!A22 | K22: =indicators_housing!B22 | L22: =indicators_demography!H22 | M22: =indicators_housing!G22
A23: =indicators_demography!A5 | B23: =indicators_demography!B5 | C23: =indicators_demography!G5 | D23: =municipal!G5/municipal!E5*100 | E23: =indicators_demography!H5 | F23: =SUM(C23:E23) | G23: =indicators_housing!A10 | H23: =indicators_housing!B10 | I23: =indicators_housing!G10 | J23: =indicators_housing!A23 | K23: =indicators_housing!B23 | L23: =indicators_demography!H23 | M23: =indicators_housing!G23

Sheet chart_00_audit
A1: Versió inicial
A32: Versió revisada

Sheet chart_01_age_structure

Sheet chart_02_nonprincipal

Sheet chart_03_scatter

Sheet chart_04_housing_donut

Sheet chart_05_population_time

Sheet chart_06_population_pyramid

Sheet chart_07_housing_histogram

Sheet palette
A1: palette_id | B1: family_or_tool | C1: role | D1: color_name | E1: HEX | F1: R | G1: G | H1: B | I1: linear_R | J1: linear_G | K1: linear_B | L1: relative_luminance | M1: contrast_white | N1: contrast_black | O1: origin | P1: intended_use | Q1: grayscale_check | R1: cvd_check | S1: notes
A2: context | B2: project | C2: background | D2: Fons | E2: #FFFFFF | F2: =IF(E2="","",HEX2DEC(MID(E2,2,2))) | G2: =IF(E2="","",HEX2DEC(MID(E2,4,2))) | H2: =IF(E2="","",HEX2DEC(MID(E2,6,2))) | I2: =IF(F2="","",IF(F2/255<=0.04045,F2/255/12.92,POWER((F2/255+0.055)/1.055,2.4))) | J2: =IF(G2="","",IF(G2/255<=0.04045,G2/255/12.92,POWER((G2/255+0.055)/1.055,2.4))) | K2: =IF(H2="","",IF(H2/255<=0.04045,H2/255/12.92,POWER((H2/255+0.055)/1.055,2.4))) | L2: =IF(I2="","",0.2126*I2+0.7152*J2+0.0722*K2) | M2: =IF(L2="","",1.05/(L2+0.05)) | N2: =IF(L2="","",(L2+0.05)/0.05) | O2: Disseny del projecte | P2: Pàgina i gràfics | Q2: REVISAT: contrast o redundància segons la funció | R2: PASSA AMB REDUNDÀNCIA: contrast, etiqueta o patró | S2: gris #FFFFFF; protanopia #FFFFFF; deuteranopia #FFFFFF; tritanopia #FFFFFF
A3: context | B3: project | C3: main_text | D3: Text principal | E3: #222222 | F3: =IF(E3="","",HEX2DEC(MID(E3,2,2))) | G3: =IF(E3="","",HEX2DEC(MID(E3,4,2))) | H3: =IF(E3="","",HEX2DEC(MID(E3,6,2))) | I3: =IF(F3="","",IF(F3/255<=0.04045,F3/255/12.92,POWER((F3/255+0.055)/1.055,2.4))) | J3: =IF(G3="","",IF(G3/255<=0.04045,G3/255/12.92,POWER((G3/255+0.055)/1.055,2.4))) | K3: =IF(H3="","",IF(H3/255<=0.04045,H3/255/12.92,POWER((H3/255+0.055)/1.055,2.4))) | L3: =IF(I3="","",0.2126*I3+0.7152*J3+0.0722*K3) | M3: =IF(L3="","",1.05/(L3+0.05)) | N3: =IF(L3="","",(L3+0.05)/0.05) | O3: Disseny del projecte | P3: Títols i etiquetes | Q3: REVISAT: contrast o redundància segons la funció | R3: PASSA AMB REDUNDÀNCIA: contrast, etiqueta o patró | S3: gris #222222; protanopia #222222; deuteranopia #222222; tritanopia #222222
A4: context | B4: project | C4: secondary_text | D4: Text secundari | E4: #595959 | F4: =IF(E4="","",HEX2DEC(MID(E4,2,2))) | G4: =IF(E4="","",HEX2DEC(MID(E4,4,2))) | H4: =IF(E4="","",HEX2DEC(MID(E4,6,2))) | I4: =IF(F4="","",IF(F4/255<=0.04045,F4/255/12.92,POWER((F4/255+0.055)/1.055,2.4))) | J4: =IF(G4="","",IF(G4/255<=0.04045,G4/255/12.92,POWER((G4/255+0.055)/1.055,2.4))) | K4: =IF(H4="","",IF(H4/255<=0.04045,H4/255/12.92,POWER((H4/255+0.055)/1.055,2.4))) | L4: =IF(I4="","",0.2126*I4+0.7152*J4+0.0722*K4) | M4: =IF(L4="","",1.05/(L4+0.05)) | N4: =IF(L4="","",(L4+0.05)/0.05) | O4: Disseny del projecte | P4: Fonts i notes | Q4: REVISAT: contrast o redundància segons la funció | R4: PASSA AMB REDUNDÀNCIA: contrast, etiqueta o patró | S4: gris #595959; protanopia #595959; deuteranopia #595959; tritanopia #595959
A5: context | B5: project | C5: grid | D5: Retícula | E5: #D9D9D9 | F5: =IF(E5="","",HEX2DEC(MID(E5,2,2))) | G5: =IF(E5="","",HEX2DEC(MID(E5,4,2))) | H5: =IF(E5="","",HEX2DEC(MID(E5,6,2))) | I5: =IF(F5="","",IF(F5/255<=0.04045,F5/255/12.92,POWER((F5/255+0.055)/1.055,2.4))) | J5: =IF(G5="","",IF(G5/255<=0.04045,G5/255/12.92,POWER((G5/255+0.055)/1.055,2.4))) | K5: =IF(H5="","",IF(H5/255<=0.04045,H5/255/12.92,POWER((H5/255+0.055)/1.055,2.4))) | L5: =IF(I5="","",0.2126*I5+0.7152*J5+0.0722*K5) | M5: =IF(L5="","",1.05/(L5+0.05)) | N5: =IF(L5="","",(L5+0.05)/0.05) | O5: Disseny del projecte | P5: Guies i separadors | Q5: REVISAT: contrast o redundància segons la funció | R5: PASSA AMB REDUNDÀNCIA: contrast, etiqueta o patró | S5: gris #D9D9D9; protanopia #D9D9D9; deuteranopia #D9D9D9; tritanopia #D9D9D9
A6: context | B6: project | C6: neutral_data | D6: Dada neutral | E6: #7A8C99 | F6: =IF(E6="","",HEX2DEC(MID(E6,2,2))) | G6: =IF(E6="","",HEX2DEC(MID(E6,4,2))) | H6: =IF(E6="","",HEX2DEC(MID(E6,6,2))) | I6: =IF(F6="","",IF(F6/255<=0.04045,F6/255/12.92,POWER((F6/255+0.055)/1.055,2.4))) | J6: =IF(G6="","",IF(G6/255<=0.04045,G6/255/12.92,POWER((G6/255+0.055)/1.055,2.4))) | K6: =IF(H6="","",IF(H6/255<=0.04045,H6/255/12.92,POWER((H6/255+0.055)/1.055,2.4))) | L6: =IF(I6="","",0.2126*I6+0.7152*J6+0.0722*K6) | M6: =IF(L6="","",1.05/(L6+0.05)) | N6: =IF(L6="","",(L6+0.05)/0.05) | O6: Disseny del projecte | P6: Municipis comparables | Q6: REVISAT: contrast o redundància segons la funció | R6: PASSA AMB REDUNDÀNCIA: contrast, etiqueta o patró | S6: gris #898989; protanopia #878B9A; deuteranopia #828899; tritanopia #728F90
A7: context | B7: project | C7: vila_seca_accent | D7: Accent Vila-seca | E7: #D55E00 | F7: =IF(E7="","",HEX2DEC(MID(E7,2,2))) | G7: =IF(E7="","",HEX2DEC(MID(E7,4,2))) | H7: =IF(E7="","",HEX2DEC(MID(E7,6,2))) | I7: =IF(F7="","",IF(F7/255<=0.04045,F7/255/12.92,POWER((F7/255+0.055)/1.055,2.4))) | J7: =IF(G7="","",IF(G7/255<=0.04045,G7/255/12.92,POWER((G7/255+0.055)/1.055,2.4))) | K7: =IF(H7="","",IF(H7/255<=0.04045,H7/255/12.92,POWER((H7/255+0.055)/1.055,2.4))) | L7: =IF(I7="","",0.2126*I7+0.7152*J7+0.0722*K7) | M7: =IF(L7="","",1.05/(L7+0.05)) | N7: =IF(L7="","",(L7+0.05)/0.05) | O7: Disseny del projecte | P7: Accent redundant amb etiqueta | Q7: REVISAT: contrast o redundància segons la funció | R7: PASSA AMB REDUNDÀNCIA: contrast, etiqueta o patró | S7: gris #828282; protanopia #817100; deuteranopia #9E8C00; tritanopia #EB4050
A8: context | B8: project | C8: no_data | D8: Sense dades | E8: #BDBDBD | F8: =IF(E8="","",HEX2DEC(MID(E8,2,2))) | G8: =IF(E8="","",HEX2DEC(MID(E8,4,2))) | H8: =IF(E8="","",HEX2DEC(MID(E8,6,2))) | I8: =IF(F8="","",IF(F8/255<=0.04045,F8/255/12.92,POWER((F8/255+0.055)/1.055,2.4))) | J8: =IF(G8="","",IF(G8/255<=0.04045,G8/255/12.92,POWER((G8/255+0.055)/1.055,2.4))) | K8: =IF(H8="","",IF(H8/255<=0.04045,H8/255/12.92,POWER((H8/255+0.055)/1.055,2.4))) | L8: =IF(I8="","",0.2126*I8+0.7152*J8+0.0722*K8) | M8: =IF(L8="","",1.05/(L8+0.05)) | N8: =IF(L8="","",(L8+0.05)/0.05) | O8: Disseny del projecte | P8: Nuls, amb etiqueta o patró | Q8: REVISAT: contrast o redundància segons la funció | R8: PASSA AMB REDUNDÀNCIA: contrast, etiqueta o patró | S8: gris #BDBDBD; protanopia #BDBDBD; deuteranopia #BDBDBD; tritanopia #BDBDBD
A9: age | B9: ColorBrewer YlGnBu 3 | C9: young | D9: 0–14 | E9: #EDF8B1 | F9: =IF(E9="","",HEX2DEC(MID(E9,2,2))) | G9: =IF(E9="","",HEX2DEC(MID(E9,4,2))) | H9: =IF(E9="","",HEX2DEC(MID(E9,6,2))) | I9: =IF(F9="","",IF(F9/255<=0.04045,F9/255/12.92,POWER((F9/255+0.055)/1.055,2.4))) | J9: =IF(G9="","",IF(G9/255<=0.04045,G9/255/12.92,POWER((G9/255+0.055)/1.055,2.4))) | K9: =IF(H9="","",IF(H9/255<=0.04045,H9/255/12.92,POWER((H9/255+0.055)/1.055,2.4))) | L9: =IF(I9="","",0.2126*I9+0.7152*J9+0.0722*K9) | M9: =IF(L9="","",1.05/(L9+0.05)) | N9: =IF(L9="","",(L9+0.05)/0.05) | O9: ColorBrewer | P9: Seqüència discreta per edats ordenades | Q9: PASSA: ordre clar-fosc conservat | R9: PASSA: ordre conservat en tres simulacions | S9: gris #F1F1F1; protanopia #FFF1AC; deuteranopia #FFF2B4; tritanopia #F5F0E5
A10: age | B10: ColorBrewer YlGnBu 3 | C10: working_age | D10: 15–64 | E10: #7FCDBB | F10: =IF(E10="","",HEX2DEC(MID(E10,2,2))) | G10: =IF(E10="","",HEX2DEC(MID(E10,4,2))) | H10: =IF(E10="","",HEX2DEC(MID(E10,6,2))) | I10: =IF(F10="","",IF(F10/255<=0.04045,F10/255/12.92,POWER((F10/255+0.055)/1.055,2.4))) | J10: =IF(G10="","",IF(G10/255<=0.04045,G10/255/12.92,POWER((G10/255+0.055)/1.055,2.4))) | K10: =IF(H10="","",IF(H10/255<=0.04045,H10/255/12.92,POWER((H10/255+0.055)/1.055,2.4))) | L10: =IF(I10="","",0.2126*I10+0.7152*J10+0.0722*K10) | M10: =IF(L10="","",1.05/(L10+0.05)) | N10: =IF(L10="","",(L10+0.05)/0.05) | O10: ColorBrewer | P10: Seqüència discreta per edats ordenades | Q10: PASSA: ordre clar-fosc conservat | R10: PASSA: ordre conservat en tres simulacions | S10: gris #BEBEBE; protanopia #C7C4BA; deuteranopia #BABABC; tritanopia #65CFC7
A11: age | B11: ColorBrewer YlGnBu 3 | C11: older | D11: 65+ | E11: #2C7FB8 | F11: =IF(E11="","",HEX2DEC(MID(E11,2,2))) | G11: =IF(E11="","",HEX2DEC(MID(E11,4,2))) | H11: =IF(E11="","",HEX2DEC(MID(E11,6,2))) | I11: =IF(F11="","",IF(F11/255<=0.04045,F11/255/12.92,POWER((F11/255+0.055)/1.055,2.4))) | J11: =IF(G11="","",IF(G11/255<=0.04045,G11/255/12.92,POWER((G11/255+0.055)/1.055,2.4))) | K11: =IF(H11="","",IF(H11/255<=0.04045,H11/255/12.92,POWER((H11/255+0.055)/1.055,2.4))) | L11: =IF(I11="","",0.2126*I11+0.7152*J11+0.0722*K11) | M11: =IF(L11="","",1.05/(L11+0.05)) | N11: =IF(L11="","",(L11+0.05)/0.05) | O11: ColorBrewer | P11: Seqüència discreta per edats ordenades | Q11: PASSA: ordre clar-fosc conservat | R11: PASSA: ordre conservat en tres simulacions | S11: gris #797979; protanopia #6580BA; deuteranopia #5173B7; tritanopia #008D93
A12: sex | B12: Parella binària equilibrada | C12: female | D12: Dones | E12: #CA0020 | F12: =IF(E12="","",HEX2DEC(MID(E12,2,2))) | G12: =IF(E12="","",HEX2DEC(MID(E12,4,2))) | H12: =IF(E12="","",HEX2DEC(MID(E12,6,2))) | I12: =IF(F12="","",IF(F12/255<=0.04045,F12/255/12.92,POWER((F12/255+0.055)/1.055,2.4))) | J12: =IF(G12="","",IF(G12/255<=0.04045,G12/255/12.92,POWER((G12/255+0.055)/1.055,2.4))) | K12: =IF(H12="","",IF(H12/255<=0.04045,H12/255/12.92,POWER((H12/255+0.055)/1.055,2.4))) | L12: =IF(I12="","",0.2126*I12+0.7152*J12+0.0722*K12) | M12: =IF(L12="","",1.05/(L12+0.05)) | N12: =IF(L12="","",(L12+0.05)/0.05) | O12: Extrems adaptats de ColorBrewer RdBu | P12: Categoria nominal binària; no és una escala divergent | Q12: PASSA AMB REDUNDÀNCIA: etiquetes i posició oposada | R12: PASSA AMB REDUNDÀNCIA: etiquetes i posició oposada | S12: gris #646464; protanopia #534A1E; deuteranopia #7F7114; tritanopia #DF0014
A13: sex | B13: Parella binària equilibrada | C13: male | D13: Homes | E13: #0571B0 | F13: =IF(E13="","",HEX2DEC(MID(E13,2,2))) | G13: =IF(E13="","",HEX2DEC(MID(E13,4,2))) | H13: =IF(E13="","",HEX2DEC(MID(E13,6,2))) | I13: =IF(F13="","",IF(F13/255<=0.04045,F13/255/12.92,POWER((F13/255+0.055)/1.055,2.4))) | J13: =IF(G13="","",IF(G13/255<=0.04045,G13/255/12.92,POWER((G13/255+0.055)/1.055,2.4))) | K13: =IF(H13="","",IF(H13/255<=0.04045,H13/255/12.92,POWER((H13/255+0.055)/1.055,2.4))) | L13: =IF(I13="","",0.2126*I13+0.7152*J13+0.0722*K13) | M13: =IF(L13="","",1.05/(L13+0.05)) | N13: =IF(L13="","",(L13+0.05)/0.05) | O13: Extrems adaptats de ColorBrewer RdBu | P13: Categoria nominal binària; no és una escala divergent | Q13: PASSA AMB REDUNDÀNCIA: etiquetes i posició oposada | R13: PASSA AMB REDUNDÀNCIA: etiquetes i posició oposada | S13: gris #6C6C6C; protanopia #5274B3; deuteranopia #3B66AF; tritanopia #008088
... A23: map_rdbu | B23: ColorBrewer RdBu 5 | C23: positive_2 | D23: Molt per sobre | E23: #0571B0 | F23: =IF(E23="","",HEX2DEC(MID(E23,2,2))) | G23: =IF(E23="","",HEX2DEC(MID(E23,4,2))) | H23: =IF(E23="","",HEX2DEC(MID(E23,6,2))) | I23: =IF(F23="","",IF(F23/255<=0.04045,F23/255/12.92,POWER((F23/255+0.055)/1.055,2.4))) | J23: =IF(G23="","",IF(G23/255<=0.04045,G23/255/12.92,POWER((G23/255+0.055)/1.055,2.4))) | K23: =IF(H23="","",IF(H23/255<=0.04045,H23/255/12.92,POWER((H23/255+0.055)/1.055,2.4))) | L23: =IF(I23="","",0.2126*I23+0.7152*J23+0.0722*K23) | M23: =IF(L23="","",1.05/(L23+0.05)) | N23: =IF(L23="","",(L23+0.05)/0.05) | O23: ColorBrewer | P23: Candidata divergent | Q23: LIMITACIÓ: el signe requereix to i llegenda | R23: PASSA AMB LLEGENDA: centre i branques explícits | S23: gris #6C6C6C; protanopia #5274B3; deuteranopia #3B66AF; tritanopia #008088
A24: adobe_candidate | B24: Adobe Color | C24: candidate_1 | D24: Candidat 1 | F24: =IF(E24="","",HEX2DEC(MID(E24,2,2))) | G24: =IF(E24="","",HEX2DEC(MID(E24,4,2))) | H24: =IF(E24="","",HEX2DEC(MID(E24,6,2))) | I24: =IF(F24="","",IF(F24/255<=0.04045,F24/255/12.92,POWER((F24/255+0.055)/1.055,2.4))) | J24: =IF(G24="","",IF(G24/255<=0.04045,G24/255/12.92,POWER((G24/255+0.055)/1.055,2.4))) | K24: =IF(H24="","",IF(H24/255<=0.04045,H24/255/12.92,POWER((H24/255+0.055)/1.055,2.4))) | L24: =IF(I24="","",0.2126*I24+0.7152*J24+0.0722*K24) | M24: =IF(L24="","",1.05/(L24+0.05)) | N24: =IF(L24="","",(L24+0.05)/0.05) | O24: https://color.adobe.com/ | P24: Context o accent; no assignar directament a classes | Q24: NO APLICA: falta codi HEX | R24: NO APLICA: falta codi HEX | S24: Enganxar un codi HEX explorat
A25: adobe_candidate | B25: Adobe Color | C25: candidate_2 | D25: Candidat 2 | F25: =IF(E25="","",HEX2DEC(MID(E25,2,2))) | G25: =IF(E25="","",HEX2DEC(MID(E25,4,2))) | H25: =IF(E25="","",HEX2DEC(MID(E25,6,2))) | I25: =IF(F25="","",IF(F25/255<=0.04045,F25/255/12.92,POWER((F25/255+0.055)/1.055,2.4))) | J25: =IF(G25="","",IF(G25/255<=0.04045,G25/255/12.92,POWER((G25/255+0.055)/1.055,2.4))) | K25: =IF(H25="","",IF(H25/255<=0.04045,H25/255/12.92,POWER((H25/255+0.055)/1.055,2.4))) | L25: =IF(I25="","",0.2126*I25+0.7152*J25+0.0722*K25) | M25: =IF(L25="","",1.05/(L25+0.05)) | N25: =IF(L25="","",(L25+0.05)/0.05) | O25: https://color.adobe.com/ | P25: Context o accent; no assignar directament a classes | Q25: NO APLICA: falta codi HEX | R25: NO APLICA: falta codi HEX | S25: Enganxar un codi HEX explorat
A26: adobe_candidate | B26: Adobe Color | C26: candidate_3 | D26: Candidat 3 | F26: =IF(E26="","",HEX2DEC(MID(E26,2,2))) | G26: =IF(E26="","",HEX2DEC(MID(E26,4,2))) | H26: =IF(E26="","",HEX2DEC(MID(E26,6,2))) | I26: =IF(F26="","",IF(F26/255<=0.04045,F26/255/12.92,POWER((F26/255+0.055)/1.055,2.4))) | J26: =IF(G26="","",IF(G26/255<=0.04045,G26/255/12.92,POWER((G26/255+0.055)/1.055,2.4))) | K26: =IF(H26="","",IF(H26/255<=0.04045,H26/255/12.92,POWER((H26/255+0.055)/1.055,2.4))) | L26: =IF(I26="","",0.2126*I26+0.7152*J26+0.0722*K26) | M26: =IF(L26="","",1.05/(L26+0.05)) | N26: =IF(L26="","",(L26+0.05)/0.05) | O26: https://color.adobe.com/ | P26: Context o accent; no assignar directament a classes | Q26: NO APLICA: falta codi HEX | R26: NO APLICA: falta codi HEX | S26: Enganxar un codi HEX explorat
A27: adobe_candidate | B27: Adobe Color | C27: candidate_4 | D27: Candidat 4 | F27: =IF(E27="","",HEX2DEC(MID(E27,2,2))) | G27: =IF(E27="","",HEX2DEC(MID(E27,4,2))) | H27: =IF(E27="","",HEX2DEC(MID(E27,6,2))) | I27: =IF(F27="","",IF(F27/255<=0.04045,F27/255/12.92,POWER((F27/255+0.055)/1.055,2.4))) | J27: =IF(G27="","",IF(G27/255<=0.04045,G27/255/12.92,POWER((G27/255+0.055)/1.055,2.4))) | K27: =IF(H27="","",IF(H27/255<=0.04045,H27/255/12.92,POWER((H27/255+0.055)/1.055,2.4))) | L27: =IF(I27="","",0.2126*I27+0.7152*J27+0.0722*K27) | M27: =IF(L27="","",1.05/(L27+0.05)) | N27: =IF(L27="","",(L27+0.05)/0.05) | O27: https://color.adobe.com/ | P27: Context o accent; no assignar directament a classes | Q27: NO APLICA: falta codi HEX | R27: NO APLICA: falta codi HEX | S27: Enganxar un codi HEX explorat
A28: adobe_candidate | B28: Adobe Color | C28: candidate_5 | D28: Candidat 5 | F28: =IF(E28="","",HEX2DEC(MID(E28,2,2))) | G28: =IF(E28="","",HEX2DEC(MID(E28,4,2))) | H28: =IF(E28="","",HEX2DEC(MID(E28,6,2))) | I28: =IF(F28="","",IF(F28/255<=0.04045,F28/255/12.92,POWER((F28/255+0.055)/1.055,2.4))) | J28: =IF(G28="","",IF(G28/255<=0.04045,G28/255/12.92,POWER((G28/255+0.055)/1.055,2.4))) | K28: =IF(H28="","",IF(H28/255<=0.04045,H28/255/12.92,POWER((H28/255+0.055)/1.055,2.4))) | L28: =IF(I28="","",0.2126*I28+0.7152*J28+0.0722*K28) | M28: =IF(L28="","",1.05/(L28+0.05)) | N28: =IF(L28="","",(L28+0.05)/0.05) | O28: https://color.adobe.com/ | P28: Context o accent; no assignar directament a classes | Q28: NO APLICA: falta codi HEX | R28: NO APLICA: falta codi HEX | S28: Enganxar un codi HEX explorat

Sheet map_export
A1: mun_code | B1: municipality | C1: county_code | D1: year | E1: population_total | F1: population_65_plus | G1: population_65_plus_pct | H1: housing_total | I1: housing_non_main | J1: housing_non_main_pct | K1: indicator_status
A2: =municipal!A2 | B2: =municipal!B2 | C2: =municipal!C2 | D2: 2021 | E2: =municipal!E2 | F2: =municipal!H2 | G2: =indicators_demography!H2 | H2: =municipal!I2 | I2: =municipal!K2 | J2: =indicators_housing!G2 | K2: =IF(COUNT(E2:J2)=6,"ok","missing_component")
A3: =municipal!A3 | B3: =municipal!B3 | C3: =municipal!C3 | D3: 2021 | E3: =municipal!E3 | F3: =municipal!H3 | G3: =indicators_demography!H3 | H3: =municipal!I3 | I3: =municipal!K3 | J3: =indicators_housing!G3 | K3: =IF(COUNT(E3:J3)=6,"ok","missing_component")
A4: =municipal!A4 | B4: =municipal!B4 | C4: =municipal!C4 | D4: 2021 | E4: =municipal!E4 | F4: =municipal!H4 | G4: =indicators_demography!H4 | H4: =municipal!I4 | I4: =municipal!K4 | J4: =indicators_housing!G4 | K4: =IF(COUNT(E4:J4)=6,"ok","missing_component")
A5: =municipal!A5 | B5: =municipal!B5 | C5: =municipal!C5 | D5: 2021 | E5: =municipal!E5 | F5: =municipal!H5 | G5: =indicators_demography!H5 | H5: =municipal!I5 | I5: =municipal!K5 | J5: =indicators_housing!G5 | K5: =IF(COUNT(E5:J5)=6,"ok","missing_component")
A6: =municipal!A6 | B6: =municipal!B6 | C6: =municipal!C6 | D6: 2021 | E6: =municipal!E6 | F6: =municipal!H6 | G6: =indicators_demography!H6 | H6: =municipal!I6 | I6: =municipal!K6 | J6: =indicators_housing!G6 | K6: =IF(COUNT(E6:J6)=6,"ok","missing_component")
A7: =municipal!A7 | B7: =municipal!B7 | C7: =municipal!C7 | D7: 2021 | E7: =municipal!E7 | F7: =municipal!H7 | G7: =indicators_demography!H7 | H7: =municipal!I7 | I7: =municipal!K7 | J7: =indicators_housing!G7 | K7: =IF(COUNT(E7:J7)=6,"ok","missing_component")
A8: =municipal!A8 | B8: =municipal!B8 | C8: =municipal!C8 | D8: 2021 | E8: =municipal!E8 | F8: =municipal!H8 | G8: =indicators_demography!H8 | H8: =municipal!I8 | I8: =municipal!K8 | J8: =indicators_housing!G8 | K8: =IF(COUNT(E8:J8)=6,"ok","missing_component")
A9: =municipal!A9 | B9: =municipal!B9 | C9: =municipal!C9 | D9: 2021 | E9: =municipal!E9 | F9: =municipal!H9 | G9: =indicators_demography!H9 | H9: =municipal!I9 | I9: =municipal!K9 | J9: =indicators_housing!G9 | K9: =IF(COUNT(E9:J9)=6,"ok","missing_component")
A10: =municipal!A10 | B10: =municipal!B10 | C10: =municipal!C10 | D10: 2021 | E10: =municipal!E10 | F10: =municipal!H10 | G10: =indicators_demography!H10 | H10: =municipal!I10 | I10: =municipal!K10 | J10: =indicators_housing!G10 | K10: =IF(COUNT(E10:J10)=6,"ok","missing_component")
A11: =municipal!A11 | B11: =municipal!B11 | C11: =municipal!C11 | D11: 2021 | E11: =municipal!E11 | F11: =municipal!H11 | G11: =indicators_demography!H11 | H11: =municipal!I11 | I11: =municipal!K11 | J11: =indicators_housing!G11 | K11: =IF(COUNT(E11:J11)=6,"ok","missing_component")
A12: =municipal!A12 | B12: =municipal!B12 | C12: =municipal!C12 | D12: 2021 | E12: =municipal!E12 | F12: =municipal!H12 | G12: =indicators_demography!H12 | H12: =municipal!I12 | I12: =municipal!K12 | J12: =indicators_housing!G12 | K12: =IF(COUNT(E12:J12)=6,"ok","missing_component")
A13: =municipal!A13 | B13: =municipal!B13 | C13: =municipal!C13 | D13: 2021 | E13: =municipal!E13 | F13: =municipal!H13 | G13: =indicators_demography!H13 | H13: =municipal!I13 | I13: =municipal!K13 | J13: =indicators_housing!G13 | K13: =IF(COUNT(E13:J13)=6,"ok","missing_component")
... A23: =municipal!A23 | B23: =municipal!B23 | C23: =municipal!C23 | D23: 2021 | E23: =municipal!E23 | F23: =municipal!H23 | G23: =indicators_demography!H23 | H23: =municipal!I23 | I23: =municipal!K23 | J23: =indicators_housing!G23 | K23: =IF(COUNT(E23:J23)=6,"ok","missing_component")
